nx,quadraturetype,quadratureorder,convolutionmagnitude,convolutionwidth,rotationmagnitude,testcaseid,absL1,relL1,absL2,relL2,L1R1,L2R1,TVR1,L1R2,L2R2,TVR2,L1R3,L2R3,TVR3
50,3,2,8.0,7.0,0,1,8.96575140118944,0.8073878284959948,6.657015194996503,0.7574215447353065,456.18958167981424,14.42838965069072,0.1187783399870086,20.713218303016667,0.7787024928345788,0.49139623094257356,254.05809852265762,8.041639172269912,0.39437521190036867
50,3,2,20.0,7.0,0,1,19.64083362185255,1.7687050753710265,12.812298083286018,1.457757015958982,1158.089967101979,36.62215613562822,0.06458513377744124,192.48554685345346,6.087250401553183,0.05311446178225254,263.71200533528753,8.339305853641186,0.0019964339085365435
50,3,2,5.0,1.0,0,1,19.763222334332117,1.779726478082258,9.194242458454992,1.0461020624961306,112.96120618620505,4.0002508634076515,1.4258662752010098,216.358322627188,9.671115256932975,9.122537687391521,246.8481647132931,9.077956452488458,10.071211532400266
50,3,2,20.0,5.0,0,1,14.604485996839774,1.3151696614880837,9.848899512670195,1.1205876003462218,816.1127909987013,25.80782122095271,0.02685802072724508,95.9752600303402,3.041999912065919,0.1322560297718411,263.24229015792207,8.324495454537097,0.030749097720804808
50,3,2,2.0,18.0,0,1,8.593582960283552,0.7738731507080425,4.882962563664595,0.555573472422794,215.15041253465523,6.973312919478128,0.9311464986529594,79.89823947210247,3.416672246401393,3.1837346297222666,204.94172002413382,6.843294936437844,2.993945370703108
50,3,2,7.0,0.5,0,1,19.763222334332117,1.779726478082258,9.194242458454992,1.0461020624961306,112.96120618620505,4.0002508634076515,1.4258662752010098,216.358322627188,9.671115256932975,9.122537687391521,246.8481647132931,9.077956452488458,10.071211532400266
50,3,2,16.0,5.0,0,1,11.999807504047643,1.080611996645105,8.385998067561305,0.9541416722698222,647.5482752210202,20.477515091813103,0.03719186422958298,43.875337200832234,1.4308476442073443,0.23154235592978678,261.43704273953506,8.268022632711665,0.11064617326553594
50,3,2,1.5,7.0,0,1,10.096528451047101,0.9092170657729244,5.20462270363282,0.5921713038769907,51.389314889828995,2.0588135577072233,1.1367795692149514,110.42111988639823,5.057651336469141,4.736309830170772,189.4289833713645,6.614044192974275,5.22349641495075
50,3,2,0.5,1.5,0,1,19.763222226592564,1.779726468380048,9.19424240856085,1.0461020568192774,112.9612057080294,4.00025084414929,1.425866272489667,216.35832113303059,9.671115198015064,9.122537634291353,246.8481639474855,9.077956413480049,10.071211476487813
50,3,2,0.0,2.5,0,1,19.763222334332117,1.779726478082258,9.194242458454992,1.0461020624961306,112.96120618620505,4.0002508634076515,1.4258662752010098,216.358322627188,9.671115256932975,9.122537687391521,246.8481647132931,9.077956452488458,10.071211532400266
50,3,2,1.5,16.0,0,1,9.420247261583354,0.8483162916402193,5.016400677680649,0.5707557875421241,116.29627332015855,4.068385380062952,1.0682273576725114,97.42320146910936,4.338357609803634,4.098475487173744,192.85282257955723,6.6720827440386365,4.127522480453471
50,3,2,2.0,0.5,0,1,19.763222334332117,1.779726478082258,9.194242458454992,1.0461020624961306,112.96120618620505,4.0002508634076515,1.4258662752010098,216.358322627188,9.671115256932975,9.122537687391521,246.8481647132931,9.077956452488458,10.071211532400266
50,3,2,0.5,12.0,0,1,14.843369216990613,1.3366816793604652,7.19220349113458,0.8183141721533475,75.88041361822604,2.6644273950914164,1.346745114003473,158.96276179229136,7.289527484005953,6.96149062529356,215.4700231548165,7.583574937902851,7.620984626997563
50,3,2,16.0,6.0,0,1,14.986449954615646,1.3495664495131772,10.07122258046449,1.1458830633287327,842.0480316554239,26.627957055560547,0.022904213273586826,103.90379436661465,3.29154652143652,0.1284397154052508,263.3555856438552,8.328060819648098,0.024552496763336817
50,3,2,6.0,3.0,0,1,17.158719150514003,1.545184600240894,7.989285724203858,0.9090045549402411,100.21533473860288,3.478940168641803,1.388325439686844,180.71589463533286,8.25542491375858,7.846529783182637,228.2877777206652,8.175049493689256,8.70349365295755
50,3,2,0.0,5.0,0,1,19.763222334332117,1.779726478082258,9.194242458454992,1.0461020624961306,112.96120618620505,4.0002508634076515,1.4258662752010098,216.358322627188,9.671115256932975,9.122537687391521,246.8481647132931,9.077956452488458,10.071211532400266
50,3,2,14.0,10.0,0,1,18.15051934313491,1.6344986318251147,11.95081185206484,1.3597388782641522,1062.3100970650796,33.59346036937486,0.06635428960967182,166.2525034224546,5.259068995451896,0.09982474054676416,263.649400939198,8.337327025329955,0.007415943616364551
50,3,2,5.0,1.5,0,1,19.76322125693659,1.7797263810601573,9.194241959513544,1.0461020057275954,112.96120140444872,4.00025067082405,1.4258662480875728,216.3583076856147,9.671114667753882,9.122537156389829,246.84815705521763,9.077956062404393,10.071210973275754
50,3,2,7.0,2.5,0,1,19.375929813179003,1.7448498399005359,9.01041114883383,1.0251861128662383,111.14812455707539,3.926303585838382,1.4213145902630393,210.94739653271023,9.454129154659094,8.928062167561087,244.02160114546322,8.935995451043814,9.865958096874628
50,3,2,2.0,4.0,0,1,14.386710293496268,1.2955584270969123,6.807096663831918,0.7744975066539309,84.36485720363648,2.877976372424179,1.3174368898045268,147.5891906524804,6.887992466695607,6.576500071292393,210.38135846237353,7.385084980760795,7.306442559919558
50,3,2,10.0,1.0,0,1,19.763222334332117,1.779726478082258,9.194242458454992,1.0461020624961306,112.96120618620505,4.0002508634076515,1.4258662752010098,216.358322627188,9.671115256932975,9.122537687391521,246.8481647132931,9.077956452488458,10.071211532400266
50,3,2,0.5,8.0,0,1,15.632716190160538,1.4077643036804977,7.336422314648163,0.8347230943032727,90.65677295528204,3.113182181115308,1.3657329685671986,162.3006302245169,7.4934150774426085,7.147055605728044,218.16345887523076,7.7192988586781395,7.925271627951729
50,3,2,16.0,10.0,0,1,20.04766732185091,1.8053414444719018,13.062718316345746,1.4862493168177267,1188.3228857113627,37.578266768219464,0.07403190496560574,198.26750292520205,6.270291657662483,0.06994050560648596,263.71059664748935,8.339261304361358,0.0019715905664385858
50,3,2,10.0,5.0,0,1,7.783407193580191,0.7009148426188929,5.903194715500104,0.6716533956010801,373.76861710917433,11.825972728512113,0.17784213701986484,33.96320444398186,1.3579445277612499,0.6882780534811267,248.03694440775308,7.862212992278235,0.619039639362563
50,3,2,4.0,2.5,0,1,19.541150285881898,1.7597283473127507,9.088588746067634,1.0340809996474833,111.9241393824924,3.9579974735350367,1.4233510503567564,213.25063896054968,9.546390619830074,9.010798447083978,245.22427581740436,8.996239696886231,9.953396900573132
50,3,2,16.0,0.5,0,1,19.763222334332117,1.779726478082258,9.194242458454992,1.0461020624961306,112.96120618620505,4.0002508634076515,1.4258662752010098,216.358322627188,9.671115256932975,9.122537687391521,246.8481647132931,9.077956452488458,10.071211532400266
50,3,2,0.5,9.0,0,1,15.409222719158288,1.3876381703358232,7.274882935725822,0.8277212698999808,87.69252508628881,3.016975226029936,1.3594138801795068,160.70480377130667,7.416149895224933,7.075619351638478,217.13937326272023,7.67133055634835,7.8301831481958954
50,3,2,1.0,2.0,0,1,19.76213877050583,1.7796289005111658,9.193730370669323,1.046043798197447,112.95626333480445,4.00004972994051,1.4258491125196988,216.34313206250454,9.670510508932814,9.121993822000857,246.8402615183582,9.077558426903206,10.070640302131725
50,3,2,14.0,8.0,0,1,15.993445337841633,1.440248845152706,10.674489746651004,1.2145215650471175,912.5964235172701,28.858893109279833,0.029567393958127575,125.17829760526129,3.962243783712812,0.11589862486499308,263.51652200620487,8.333132291528043,0.0153556128244845
50,3,2,0.0,4.5,0,1,19.763222334332117,1.779726478082258,9.194242458454992,1.0461020624961306,112.96120618620505,4.0002508634076515,1.4258662752010098,216.358322627188,9.671115256932975,9.122537687391521,246.8481647132931,9.077956452488458,10.071211532400266
50,3,2,2.0,4.5,0,1,12.220657072644695,1.1005000401157499,5.962709818015212,0.6784249019836935,69.28373408173576,2.408304076975559,1.2368508457003626,125.80281208978977,5.923911772422003,5.636257707463432,198.54203361213317,6.919256808811632,6.253395585576516
50,3,2,4.0,14.0,0,1,8.059353060483344,0.7257644424228563,6.052283006143004,0.6886163557405681,406.61441123225086,12.88600516607307,0.4519457239393583,41.51887353287647,1.6186501708446543,1.3372136196574453,238.13344348905298,7.589445626617572,1.1018238020292994
50,3,2,7.0,6.0,0,1,7.1721738085610545,0.6458717822715598,5.469465989753807,0.6223046301517008,327.91307498650747,10.382048127409693,0.23588629831381702,42.36582983033147,1.7003908659614402,0.8683894956773889,243.05940900282184,7.717943581786851,0.8065973065195632
50,3,2,4.0,3.5,0,1,14.374106667575408,1.2944234397759309,6.805999299329606,0.7743726507700052,84.2785663590307,2.8752442794929607,1.3124022863926195,147.49850976440322,6.886402516905409,6.574625651314111,210.38924238423527,7.383910361747577,7.3042887978626325
50,3,2,4.0,4.0,0,1,10.325996754631541,0.9298812473957968,5.287845052704691,0.6016401721826984,53.684819541211844,2.0667910174914743,1.1371229879851519,112.02774685213777,5.156504902645004,4.8402467968865155,190.3160901944284,6.63985702973718,5.349929553037899
50,3,2,20.0,1.0,0,1,19.763222334332117,1.779726478082258,9.194242458454992,1.0461020624961306,112.96120618620505,4.0002508634076515,1.4258662752010098,216.358322627188,9.671115256932975,9.122537687391521,246.8481647132931,9.077956452488458,10.071211532400266
50,3,2,20.0,14.0,0,1,28.092546273648377,2.529802458028801,17.998246768241977,2.047803628265,1692.802903267191,53.531954514625106,0.2357032480105543,286.04478534315456,9.04615986714557,0.07607790565792416,263.7112032747036,8.339280468600828,0.00010676684513044599
50,3,2,0.0,1.5,0,1,19.763222334332117,1.779726478082258,9.194242458454992,1.0461020624961306,112.96120618620505,4.0002508634076515,1.4258662752010098,216.358322627188,9.671115256932975,9.122537687391521,246.8481647132931,9.077956452488458,10.071211532400266
50,3,2,6.0,5.0,0,1,5.695293109940119,0.5128750654488055,4.194898390151681,0.477286941009905,180.3954661186058,5.800138853553447,0.5038585599911469,66.13233032042339,2.7078313376516068,1.7288497615309872,218.38779758517006,7.076954887222928,1.8023355197801156
50,3,2,12.0,14.0,0,1,20.044192152365063,1.8050284969654093,13.07793096920076,1.4879801812798699,1193.2005419251577,37.732945718753534,0.11136725147126736,196.47399380112847,6.215202559197936,0.14118457267346662,263.604611521632,8.33591266853957,0.008926702250289686
50,3,2,10.0,16.0,0,1,18.864099574869723,1.6987582758836826,12.399914614786393,1.4108368701301046,1119.038880082463,35.388466568442915,0.13668611876005077,177.84816133234023,5.630395236389604,0.2240913288787329,263.2846658585654,8.325824621003704,0.023366925734932487
50,3,2,9.0,2.0,0,1,19.753472190873513,1.778848453831717,9.189634997500393,1.045577835032122,112.91670830171417,3.9984406824625376,1.4257116213792727,216.22158956373556,9.665673459091451,9.117644546760376,246.77705016603056,9.074375432961078,10.066071470459317
50,3,2,8.0,6.0,0,1,7.981916530143994,0.7187910935891313,6.044948739022114,0.6877818778597934,389.4027754313174,12.319366804925236,0.1659420067010362,31.150456110526115,1.2417329639638426,0.6457742973690225,249.3532648705129,7.9009710064391765,0.5694594392006797
50,3,2,10.0,4.0,0,1,5.811841348577466,0.523370519214784,3.9967834174119012,0.45474582546602854,142.41993008242503,4.664848577321271,0.5946465262654782,72.41815078829922,2.9830648066919987,2.085018897105266,209.32008689154458,6.883691400794405,2.204654570359434
50,3,2,1.0,4.0,0,1,16.905438587272553,1.5223760664320458,7.870545406646953,0.8954945249775772,98.87749521415353,3.4228976924661363,1.3894411214291584,177.32480389411924,8.117257078165897,7.721046289503736,226.4318552236609,8.09151133835989,8.56706483147719
50,3,2,18.0,2.5,0,1,18.78070858375943,1.6912487133031568,8.731453340883848,0.993446865226807,108.32358910001528,3.810444669654972,1.4130042867213684,202.67491231622625,9.125497463603939,8.632812736651406,239.71873516444936,8.722841967795075,9.551968790990863
50,3,2,3.0,6.0,0,1,6.712980590320604,0.6045203105715905,4.063409011183239,0.46232634897018443,76.7323914291867,2.9175935483134414,0.823629562453615,85.39690359672527,3.6165092370806704,2.9887133380193087,194.82576229948432,6.567552757729946,3.2234612543617045
50,3,2,7.0,7.0,0,1,7.946096355505201,0.7155653993083234,6.01959659794362,0.6848973632093757,387.45356826016445,12.258362175278947,0.17527989731022298,31.583510161991367,1.2592268689778878,0.6698361192121972,248.87598993121608,7.886921736004913,0.588655989899
50,3,2,14.0,1.0,0,1,19.763222334332117,1.779726478082258,9.194242458454992,1.0461020624961306,112.96120618620505,4.0002508634076515,1.4258662752010098,216.358322627188,9.671115256932975,9.122537687391521,246.8481647132931,9.077956452488458,10.071211532400266
50,3,2,12.0,2.5,0,1,19.103419343789064,1.7203096060397156,8.882134093761554,1.0105910124554767,109.86100691619177,3.8735563272658626,1.4176735987117053,207.1512782438611,9.302916783675483,8.792431880420494,242.044742887099,8.837607201239114,9.721951815659143
50,3,2,4.0,16.0,0,1,8.729716636411126,0.7861323209923355,6.539466896247913,0.744047140229503,462.72505340850205,14.657517292873973,0.4615070065023579,43.84929924770783,1.6681991799839035,1.308097928201734,240.988571371425,7.6692922828819,1.0062122548810386
50,3,2,8.0,18.0,0,1,16.763246282295274,1.5095713018108436,11.244752750568724,1.2794049208275577,990.9945068629306,31.34122324923217,0.16729617491308124,145.75154201170736,4.631438783025497,0.36280120916189496,262.1978367456144,8.291743366773572,0.07627910562203588
50,3,2,0.5,2.5,0,1,19.73536546633012,1.7772178990286553,9.180944654244831,1.0445890655881442,112.83215733415533,3.994978723640744,1.4255588161816668,215.96551409107647,9.655409333831207,9.108431690611575,246.64232135805474,9.067653148932141,10.0564097673134
50,3,2,4.0,5.0,0,1,6.548368745885239,0.5896966116225255,4.023739370459433,0.45781281855512646,82.64363904334385,3.0492127807527463,0.7952479200811577,83.93547841006192,3.540520945051944,2.8801510351880695,196.12574487747497,6.591983705076897,3.102101019414721
50,3,2,7.0,10.0,0,1,10.017928563130218,0.9021389537457694,7.2970425148634055,0.8302425413962046,534.2500439573137,16.89708719206189,0.13244887053296672,22.125569079988907,0.8376820669301649,0.4857330136212106,255.57765580844247,8.087872910642002,0.3435376663626879
50,3,2,18.0,1.0,0,1,19.763222334332117,1.779726478082258,9.194242458454992,1.0461020624961306,112.96120618620505,4.0002508634076515,1.4258662752010098,216.358322627188,9.671115256932975,9.122537687391521,246.8481647132931,9.077956452488458,10.071211532400266
50,3,2,10.0,1.5,0,1,19.763220179541108,1.7797262840380608,9.19424146057213,1.0461019489590637,112.96119662269204,4.000250478240447,1.425866220974131,216.35829274404207,9.671114078574826,9.122536625388161,246.8481493971426,9.07795567232036,10.07121041415127
50,3,2,3.0,3.0,0,1,18.422814607003858,1.659019485902747,8.562541071197742,0.9742283733828112,106.57088518786327,3.7375708418458378,1.4111771025009012,197.70672507698535,8.926890326795458,8.454076020120038,237.1017956924286,8.596013229919725,9.361283980014031
50,3,2,7.0,12.0,0,1,11.528236415522155,1.0381458674709707,8.220237117935302,0.9352817311633508,641.9370588053732,20.302653117323786,0.1510514707633681,48.53248288126653,1.6652400560308167,0.44390232403210284,257.8579898415233,8.157540890932482,0.2596229088123555
50,3,2,9.0,4.0,0,1,5.997085612786056,0.5400522179958666,3.9430745284676183,0.4486349381631467,116.8242567014482,3.9342198917188806,0.6709681558463773,76.98237103866188,3.1950833711185584,2.3841338380231685,203.51669751972037,6.751968563866409,2.5416387728641823
50,3,2,10.0,3.0,0,1,15.582161894412138,1.403211765779432,7.307807787824019,0.8314673920892679,91.59019306844326,3.142367185400492,1.3460449985967893,161.2070990247918,7.463971531772311,7.117844367465214,217.89014307765294,7.703292459735655,7.903991968299818
50,3,2,10.0,4.5,0,1,6.36861981015495,0.5735097806030428,4.939262211042153,0.5619791309102214,269.9708602686526,8.563588548634865,0.3152084166974731,51.99959097726532,2.0980543912090877,1.1263044660533272,235.37558858518435,7.503747709237093,1.1037060124552445
50,3,2,5.0,5.0,0,1,5.915290348571582,0.5326863545227148,3.9625407366746925,0.450849763435203,131.48405727081956,4.355483221146244,0.6366727551857657,74.56301898151833,3.079956806966188,2.223907862714554,206.53814303143687,6.821185961020497,2.3552899828358456
50,3,2,8.0,1.5,0,1,19.763220610499307,1.7797263228469,9.194241660148695,1.0461019716664763,112.96119853539473,4.0002505552738885,1.4258662318195092,216.358298720671,9.67111431424644,9.122536837788822,246.84815246037255,9.077955828353968,10.071210637801059
50,3,2,7.0,8.0,0,1,8.618542185093707,0.7761207899095646,6.439811468273934,0.7327085498873865,434.31148801742256,13.73810272802828,0.1502567238503476,24.222268082568444,0.9281866165295525,0.5703729224004533,251.93651554541412,7.9779138144532515,0.4755595801340316
50,3,2,1.0,3.5,0,1,18.28440101810146,1.6465550039003327,8.496310923782053,0.9666928429544981,105.87552880693214,3.708317311323123,1.4117522781151144,195.76646963783696,8.849086148169741,8.384103472508595,236.0684484299337,8.54690833164135,9.286564693278333
50,3,2,1.0,20.0,0,1,11.330657923951012,1.0203534413675683,5.834277592265163,0.6638121465712512,68.36203593980366,2.903935689395716,1.2567172627504117,123.52957626042752,5.477245391163814,5.267940060297391,196.4400285440301,6.8360321940741535,5.376146796963118
50,3,2,8.0,3.0,0,1,16.355479769612888,1.472850930647715,7.6372921859750225,0.8689554516029803,95.94892559361008,3.309673145117742,1.368377993511949,170.43994053080678,7.845679428935809,7.471097450526244,222.8765482497337,7.92686092520344,8.292507406530788
50,3,2,1.5,18.0,0,1,9.59623751319366,0.8641646439674161,5.069241107526695,0.5767678633487936,136.89409697846799,4.664839824955333,1.0874306485410288,97.28060025853348,4.2943344415636,4.075226046704744,194.69255061233946,6.703719026324493,4.029325645685114
50,3,2,18.0,6.0,0,1,16.423927056154348,1.479014776105199,10.934331756810096,1.244085856393448,941.2226571928593,29.76418341863469,0.08622087242009879,133.90900418285344,4.236924662303287,0.09583663964028089,263.6174373563118,8.336317401001004,0.010468762831437717
50,3,2,1.5,2.5,0,1,19.679742416602608,1.7722089074423102,9.154428773773736,1.041572143054825,112.57294051708578,3.98442458554161,1.4249459715262056,215.18423810929767,9.624102547777168,9.080377584155183,246.23505786193866,9.047122491224252,10.026869459113826
50,3,2,8.0,10.0,0,1,11.325504201113423,1.019889336028895,8.052736425468296,0.9162238456821897,617.8449356197148,19.539206106890035,0.09275072417304653,37.87010647495483,1.3109082490965178,0.3579317005033762,259.01497217770026,8.192992288956967,0.2093346522865493
50,3,2,4.0,12.0,0,1,7.291149122022004,0.6565858000578574,5.471577559136942,0.6225448801882625,338.9706459166006,10.753410176149188,0.4368122564163057,44.95119714884949,1.7735895517748557,1.390599902007375,234.08612482644725,7.478062353382839,1.2371527642962041
50,3,2,0.5,5.0,0,1,17.03687870184243,1.5342125700256832,7.925786989002303,0.9017797989953772,99.55464357549786,3.4488587440287626,1.39550329771433,178.98805168307487,8.18168496829045,7.780159976895268,227.2661708296838,8.131292740117006,8.631884372327196
50,3,2,0.5,0.5,0,1,19.763222334332117,1.779726478082258,9.194242458454992,1.0461020624961306,112.96120618620505,4.0002508634076515,1.4258662752010098,216.358322627188,9.671115256932975,9.122537687391521,246.8481647132931,9.077956452488458,10.071211532400266
50,3,2,8.0,1.0,0,1,19.763222334332117,1.779726478082258,9.194242458454992,1.0461020624961306,112.96120618620505,4.0002508634076515,1.4258662752010098,216.358322627188,9.671115256932975,9.122537687391521,246.8481647132931,9.077956452488458,10.071211532400266
50,3,2,3.0,16.0,0,1,7.847912349534086,0.7067236895812905,5.403319084705499,0.6147785708693356,329.19729291188344,10.472938684737876,0.6522386738494295,56.63172259726228,2.285806235296595,2.020426228065319,224.5403020548962,7.257226849470209,1.7560940792858948
50,3,2,8.0,12.0,0,1,13.031661693656677,1.1735329885613441,9.05049707137349,1.0297470069730972,735.9078162480171,23.272896874296208,0.10883387259265032,74.27259880576585,2.4008559627341244,0.3313493768922648,260.5206511584854,8.239551052443616,0.14920976111203255
50,3,2,0.5,14.0,0,1,14.610159835500886,1.3156806045279748,7.1731977885834,0.8161517422709711,69.50793390613038,2.455484435969818,1.3484253506190522,158.9214960557988,7.246076874035128,6.926153807073535,214.90640555140337,7.548818322765259,7.518957579889358
50,3,2,4.0,2.0,0,1,19.75888842164565,1.77933619865154,9.192194330247224,1.0458690306664737,112.94143304129369,3.999446335244052,1.4257975901606035,216.29755861932557,9.668696445243482,9.120362564162068,246.816554434609,9.076364548690822,10.06892673962527
50,3,2,0.5,10.0,0,1,15.201837284792486,1.3689626050628345,7.23530314623142,0.8232179625736463,84.09387527080979,2.905071905005897,1.3536814533290138,159.75694553672344,7.361547368835063,7.025484005174462,216.41006076466226,7.635345438556961,7.751424473002488
50,3,2,12.0,6.0,0,1,11.647609644729881,1.0488957185428838,8.186203890174458,0.9314095002628833,625.4110796488812,19.7775456454185,0.043006779329690215,37.04174663989441,1.2323881796507556,0.25442305844700386,260.95105856650474,8.252898337651587,0.1306449518621674
50,3,2,2.0,14.0,0,1,8.090660560727196,0.728583759344154,4.595963739513631,0.522919334440801,156.46855882775668,5.185196044493163,0.897963297700164,82.47187210270312,3.557613263636274,3.2474278362334603,200.03901403903174,6.724032902730625,3.226355429015256
50,3,2,2.0,7.0,0,1,8.191783329180723,0.7376901118158904,4.55642211569122,0.5184203695264016,39.80735042921224,2.1348200220012075,1.0000136055291295,97.53786884878045,4.296285216588938,3.869975085356236,186.01633573623235,6.490562886381498,4.229674446889874
50,3,2,6.0,20.0,0,1,13.775750724097398,1.2405400245154663,9.610980309364082,1.0935176410308587,808.6458646610196,25.578261340762857,0.2591676685585389,100.43095437827347,3.276231266197944,0.6142085377033151,258.3443133719056,8.17277039162264,0.2571071151468721
50,3,2,2.0,12.0,0,1,7.833463348081715,0.7054225216830797,4.460320988654147,0.507486180260027,118.59658813081569,4.080695577500712,0.8978545210639469,85.52456651916081,3.6923125981647593,3.319263576660652,196.49325475240877,6.643545517092834,3.4079588216775925
50,3,2,3.0,4.0,0,1,12.197475917543812,1.0984125204376505,5.957685662115316,0.6778532638228627,69.10665757456756,2.400948418430515,1.2319422788651389,125.65386175750304,5.91776261845462,5.629788092337801,198.49363726396342,6.916577228658211,6.246315452728702
50,3,2,20.0,2.0,0,1,19.741560568857953,1.7777757831538603,9.184007714216605,1.0449375742737157,112.86228202457372,3.996228561019881,1.4255224220808107,216.05454791310123,9.659027272511818,9.111669128949497,246.69018543647002,9.070002737784765,10.059792792697165
50,3,2,20.0,2.5,0,1,18.6741078050152,1.6816490526149441,8.682000389444976,0.9878202097703641,107.81427703571919,3.789524162014573,1.4114586511332874,201.20997800199643,9.067322293010779,8.580419945539964,238.9574356532732,8.685364981369904,9.495977557738215
50,3,2,18.0,5.0,0,1,13.34257363045284,1.2015313684260853,9.134297737121289,1.0392816749648799,733.3853908707074,23.19179284543487,0.03433531561810321,70.41333099891551,2.24260301552045,0.17420514572928775,262.6442272239017,8.30572649494452,0.06010517214189204
50,3,2,16.0,12.0,0,1,22.36889213642517,2.0143734127508237,14.465604052371402,1.6458667805222298,1343.3056717131005,42.48001845614037,0.1931043237840373,231.08020349653512,7.307764177622918,0.0728276936577279,263.71656224519234,8.339449940743176,0.0011104322834116775
50,3,2,4.0,0.5,0,1,19.763222334332117,1.779726478082258,9.194242458454992,1.0461020624961306,112.96120618620505,4.0002508634076515,1.4258662752010098,216.358322627188,9.671115256932975,9.122537687391521,246.8481647132931,9.077956452488458,10.071211532400266
50,3,2,6.0,7.0,0,1,7.020407182518922,0.6322048266361331,5.365137268965847,0.6104343221315436,317.5326657582294,10.05668297964521,0.2586140514579036,44.03749160640512,1.7738781086031368,0.9334887754674852,241.4033417114563,7.670949414164477,0.8712832358647494
50,3,2,9.0,20.0,0,1,19.208497547922804,1.7297721551626528,12.6230203897827,1.4362213879338317,1145.3612808045395,36.22182753734678,0.18481766675946698,183.34093341100808,5.807591618455578,0.29888965870872547,263.08667466585626,8.319596759512116,0.03303097151383727
50,3,2,0.5,16.0,0,1,14.488441386507263,1.304719560681965,7.1646805966263525,0.8151826736268492,65.41254616262677,2.3061915529625487,1.3570843882899173,159.15683152931996,7.218348358076768,6.9070418935368885,214.57428365777548,7.525025641413869,7.4410193550902815
50,3,2,0.0,4.0,0,1,19.763222334332117,1.779726478082258,9.194242458454992,1.0461020624961306,112.96120618620505,4.0002508634076515,1.4258662752010098,216.358322627188,9.671115256932975,9.122537687391521,246.8481647132931,9.077956452488458,10.071211532400266
50,3,2,0.0,9.0,0,1,19.763222334332117,1.779726478082258,9.194242458454992,1.0461020624961306,112.96120618620505,4.0002508634076515,1.4258662752010098,216.358322627188,9.671115256932975,9.122537687391521,246.8481647132931,9.077956452488458,10.071211532400266
50,3,2,1.5,4.0,0,1,15.60672367445588,1.4054236141082719,7.309481348799901,0.83165780642699,91.72726311833155,3.145188145287992,1.356369245663783,161.37983763419876,7.466404581816283,7.120905896010911,217.86846895765262,7.7057100860388275,7.907909705291836
50,3,2,1.0,0.5,0,1,19.763222334332117,1.779726478082258,9.194242458454992,1.0461020624961306,112.96120618620505,4.0002508634076515,1.4258662752010098,216.358322627188,9.671115256932975,9.122537687391521,246.8481647132931,9.077956452488458,10.071211532400266
50,3,2,9.0,1.0,0,1,19.763222334332117,1.779726478082258,9.194242458454992,1.0461020624961306,112.96120618620505,4.0002508634076515,1.4258662752010098,216.358322627188,9.671115256932975,9.122537687391521,246.8481647132931,9.077956452488458,10.071211532400266
50,3,2,2.0,3.0,0,1,18.86089196187182,1.6984694224929124,8.766363706294378,0.9974188950512832,108.68297083497234,3.8245489807004125,1.4165901271222763,203.7435415287707,9.166596752616034,8.67006007310336,240.24661092535422,8.749857435593883,9.592007058662745
50,3,2,0.0,3.0,0,1,19.763222334332117,1.779726478082258,9.194242458454992,1.0461020624961306,112.96120618620505,4.0002508634076515,1.4258662752010098,216.358322627188,9.671115256932975,9.122537687391521,246.8481647132931,9.077956452488458,10.071211532400266
50,3,2,16.0,20.0,0,1,28.181806140595985,2.537840527223661,18.059963343925453,2.0548256137525933,1695.312806191532,53.61160833093147,0.25556709464528105,284.07371836456866,8.98396804942288,0.09113257639121208,263.710694047562,8.339264365497048,0.00015732415667302213
50,3,2,6.0,4.0,0,1,7.634511918106674,0.6875064591205586,4.388299977543396,0.49929177722938584,40.69716985684961,2.196764625093227,0.9391603030387761,94.03686618925899,4.095178958249663,3.6152445643423166,187.6759829593187,6.487869039710994,3.948387532260403
50,3,2,2.0,16.0,0,1,8.356012348264379,0.7524793364063012,4.744396686732578,0.5398077309486969,188.84713061061137,6.164414789823747,0.9117433147594494,80.66454119824792,3.469974094790032,3.207378791616978,202.82348132441194,6.790900641040181,3.0921991222699825
50,3,2,0.0,16.0,0,1,19.763222334332117,1.779726478082258,9.194242458454992,1.0461020624961306,112.96120618620505,4.0002508634076515,1.4258662752010098,216.358322627188,9.671115256932975,9.122537687391521,246.8481647132931,9.077956452488458,10.071211532400266
50,3,2,9.0,4.5,0,1,5.928219238390728,0.5338506326527731,4.600296655198762,0.5234123247067548,231.85394405913996,7.376917711758018,0.3857302173271635,57.91347497447151,2.3519740894095844,1.3462226166328648,228.94970448061324,7.333961476568143,1.3631861343018072
50,3,2,12.0,1.5,0,1,19.76321974858294,1.7797262452292244,9.194241260995572,1.046101926251652,112.96119470998926,4.000250401207004,1.4258662101287551,216.3582867674133,9.671113842903218,9.122536412987504,246.84814633391278,9.07795551628676,10.071210190501485
50,3,2,16.0,2.0,0,1,19.745891454161523,1.778165789961349,9.186053496845114,1.045170339228172,112.88207849317465,3.9970329141483147,1.4255912182487165,216.11527955965468,9.661443424097538,9.11384101439032,246.72176593271797,9.071592287785723,10.06207552312058
50,3,2,0.5,20.0,0,1,14.339190580082635,1.2912791607524654,7.159020283416812,0.8145386547911886,61.166542854525716,2.1585486445516886,1.3826949792275272,159.74004564818551,7.186902694871946,6.891311636595233,214.1971101720103,7.496557289258208,7.33750762595439
50,3,2,2.0,10.0,0,1,7.671078003632381,0.6907993244999493,4.382476319554864,0.4986291733595615,79.39680312805743,3.0352022661424307,0.9181650293878072,89.5221247721959,3.8748104069586393,3.4379912417093217,192.34290164574196,6.559768054164292,3.647594152402882
50,3,2,3.0,2.5,0,1,19.596518127167236,1.764714356755077,9.114849763752527,1.0370689244153528,112.18171565354464,3.9685801005450148,1.4240007182642005,214.02262772428338,9.577387272814377,9.038552950555896,245.62761367224965,9.016517626533101,9.982721699236395
50,3,2,5.0,7.0,0,1,6.072023284982873,0.546800538545944,4.716936926303853,0.5366834156883654,246.6179600175902,7.8391725512687955,0.37566159942667077,55.59172505695845,2.258321959774283,1.2993809411254673,230.8401050457028,7.383189079801128,1.289006110037779
50,3,2,20.0,1.5,0,1,19.763218024750305,1.779726089993882,9.19424046268941,1.046101835422013,112.96118705917762,4.000250093073233,1.4258661667472432,216.35826286089946,9.67111290021686,9.122535563384936,246.84813408099427,9.077954892152414,10.071209295902406
50,3,2,14.0,18.0,0,1,25.13329238602768,2.2633144121994873,16.132694070412818,1.8355448659240465,1513.1087206002612,47.850341563345445,0.28253985511543434,258.59384799802194,8.178248419441854,0.11145520203100912,263.7087615597986,8.339203260886757,0.0008466987505264534
50,3,2,20.0,6.0,0,1,17.81964570417055,1.6047026518881111,11.75630402662619,1.3376081765470254,1036.999010722602,32.79288046905218,0.07486486701377748,160.83512689304894,5.08706874860766,0.07395942370014269,263.69033537984456,8.338620641815886,0.0040779142862255036
50,3,2,12.0,4.5,0,1,7.41524489643373,0.6677609278686196,5.641563325047454,0.6418855122324443,345.514444642835,10.935329858157267,0.2070125542146719,39.130827048726566,1.5665176538325223,0.7833005060841826,245.23075135492886,7.780444332153185,0.7246547799962922
50,3,2,12.0,4.0,0,1,5.688276598708615,0.5122432114620811,4.294893880861694,0.4886642229931381,193.6627545931155,6.199870131741284,0.4632763201773913,63.78716260548526,2.6074040539962273,1.604431373349928,221.5334937548151,7.150363034160859,1.6684107758882214
50,3,2,1.0,18.0,0,1,11.227072762854416,1.0110253444195432,5.822947286458778,0.6625230075990814,56.75910038137364,2.634845236706065,1.2374023665726266,122.9440457169394,5.498794455279768,5.27751605579836,196.33275326704546,6.832082500562886,5.442349133180653
50,3,2,3.0,14.0,0,1,7.3903761249681095,0.6655214342118664,5.034252891146553,0.5727869758005575,283.83566544957495,9.049513710253594,0.6339836959836713,58.61345196099545,2.381324448373366,2.0571233279993466,220.96216565052185,7.168843337295998,1.8735614195601966
50,3,2,1.5,1.0,0,1,19.763222334332117,1.779726478082258,9.194242458454992,1.0461020624961306,112.96120618620505,4.0002508634076515,1.4258662752010098,216.358322627188,9.671115256932975,9.122537687391521,246.8481647132931,9.077956452488458,10.071211532400266
50,3,2,6.0,2.5,0,1,19.430854958812386,1.749795983517331,9.036368626027446,1.0281395014191437,111.40761897423478,3.9368592781637535,1.42200803635194,211.71302115552555,9.48475709161728,8.955534427869608,244.42116370492022,8.955976755250754,9.895013174355226
50,3,2,9.0,12.0,0,1,14.472162505490664,1.303253607656255,9.837058526211411,1.1192403571761083,824.9600758332266,26.08846886772462,0.09044943201846056,99.54534851919234,3.171332025892765,0.2612131163411478,262.0308348595969,8.286527188439932,0.08410770241732357
50,3,2,5.0,6.0,0,1,5.7663654300370535,0.5192753015942805,4.355839463306317,0.4955984864502345,202.88463695528893,6.486966401108581,0.45712734844275826,62.53070455417177,2.5544893787082574,1.5612619223107138,223.04092688375448,7.18639075019018,1.6062135957167967
50,3,2,9.0,3.0,0,1,15.965143911107397,1.4377002324986388,7.4698160054008795,0.8499003550347497,93.77861238260836,3.2256422629909793,1.357503548412864,165.69766153213973,7.651329446625206,7.291748491231726,220.33155458421652,7.812026672782088,8.095334778967075
50,3,2,9.0,8.0,0,1,10.87530214970981,0.9793475408795244,7.77121534282324,0.884192953901615,580.9958983239646,18.373371982340004,0.06463541061435585,24.999979105916747,0.9111265553207974,0.3225933430373562,259.30641295390853,8.201949483917657,0.19616835610445876
50,3,2,14.0,20.0,0,1,26.029737122081873,2.3440414518443116,16.687495056974605,1.8986689850605243,1567.104098761643,49.55780704906843,0.28463802098984603,266.4691322402143,8.427351080806796,0.11402528712867965,263.7083833159767,8.339191297619244,0.0006681123344283169
50,3,2,2.0,3.5,0,1,16.898014272092595,1.5217074887029758,7.869922809331049,0.8954236871310428,98.84649310261358,3.422583186390799,1.3864403590327896,177.26602106822878,8.116443110203532,7.720055337948793,226.43555553515685,8.090609629808503,8.565716012746831
50,3,2,3.0,4.5,0,1,9.547612219319117,0.8597858174001147,5.0170968256424375,0.5708349938303985,47.65157794582799,2.000508378907686,1.093191201910249,106.8185848968233,4.846622113024018,4.501745350096624,187.70531581282685,6.560658636434515,4.96308254252671
50,3,2,7.0,1.5,0,1,19.76322082597839,1.779726342251318,9.19424175993697,1.0461019830201816,112.96119949174613,4.00025059379061,1.4258662372421962,216.35830170898544,9.671114432082247,9.12253694398915,246.84815399198754,9.077955906370775,10.071210749625957
50,3,2,7.0,20.0,0,1,15.754235806550554,1.4187074421645498,10.682155107434014,1.215393714086162,928.4319724024372,29.364634822759776,0.20361032819532454,130.4543818675823,4.168669400579091,0.4663089197368447,261.01458337533313,8.254917995473345,0.1335806400334184
50,3,2,6.0,4.5,0,1,6.017127184150426,0.5418570104844671,3.9432712801678362,0.4486573241683372,116.85140733591345,3.9398265230281777,0.6769696588563073,77.10430298709426,3.200310003332696,2.393650559046915,203.41904646330948,6.749097068874548,2.549312107173747
50,3,2,18.0,14.0,0,1,26.392292389637063,2.3766904398747335,16.904672338075812,1.9233789709798483,1590.1205333378166,50.28511339176728,0.2533227014375492,272.5183589388188,8.618275409934364,0.07010257120949714,263.7096667018103,8.339231878222021,0.00021293463601335105
50,3,2,9.0,1.5,0,1,19.763220395020202,1.77972630344248,9.19424156036041,1.04610196031277,112.9611975790434,4.000250516757168,1.4258662263968198,216.3582957323566,9.671114196410636,9.122536731588495,246.84815092875758,9.077955750337164,10.071210525976166
50,3,2,0.0,6.0,0,1,19.763222334332117,1.779726478082258,9.194242458454992,1.0461020624961306,112.96120618620505,4.0002508634076515,1.4258662752010098,216.358322627188,9.671115256932975,9.122537687391521,246.8481647132931,9.077956452488458,10.071211532400266
50,3,2,3.0,20.0,0,1,8.64570924461806,0.7785672500236693,5.9490341274274074,0.676868909938171,394.1850819577732,12.520295983582683,0.6956569275015925,58.70638061245988,2.277236296896719,1.9843441728760332,228.98218294533348,7.369767859271916,1.6101812355706344
50,3,2,0.5,1.0,0,1,19.763222334332117,1.779726478082258,9.194242458454992,1.0461020624961306,112.96120618620505,4.0002508634076515,1.4258662752010098,216.358322627188,9.671115256932975,9.122537687391521,246.8481647132931,9.077956452488458,10.071211532400266
50,3,2,1.0,1.5,0,1,19.763222118853008,1.7797264586778376,9.1942423586667,1.0461020511424233,112.96120522985382,4.000250824890933,1.4258662697783213,216.35831963887318,9.671115139097143,9.122537581191175,246.84816318167793,9.077956374471643,10.07121142057536
50,3,2,7.0,3.0,0,1,16.753317486253465,1.5086771894585078,7.810401024414304,0.8886514204384673,98.09342958711042,3.3941821725985166,1.378683241384542,175.46039425518916,8.04701303286325,7.656111336730103,225.54095560943205,8.047817424109205,8.49534438638037
50,3,2,20.0,4.0,0,1,8.089000592263202,0.7284342751265414,6.113730777931548,0.6956077572719335,395.71168574350503,12.517889353028641,0.15166215841526065,29.6524864035124,1.180045015957751,0.6043398832167031,250.08857177082925,7.9228051771187635,0.5414119330628617
50,3,2,3.0,9.0,0,1,6.254075985116214,0.56319482918097,4.086468292055223,0.46494998668572857,147.8091385144229,4.859230854317474,0.6682156996156504,73.14623337368161,3.0248213097320056,2.311317695140003,206.834754168364,6.833646078659615,2.3948434459959134
50,3,2,3.0,3.5,0,1,15.596463970616899,1.4044997026999688,7.308598313828406,0.831557336517793,91.669850543227,3.143922469873451,1.3522575518533928,161.30537154204964,7.465189080749348,7.119460171896727,217.87381034250984,7.704605857551328,7.906099182588861
50,3,2,12.0,8.0,0,1,14.121537382226075,1.2716789582798314,9.578818177610062,1.089858299599068,786.6870980466668,24.877351225483352,0.03628456885774867,86.92408883287524,2.7605827900617053,0.16496923412708153,262.92866964311037,8.31464199037514,0.046231441097550174
50,3,2,8.0,2.0,0,1,19.754555338860403,1.7789459939554548,9.190146787413731,1.045636065439502,112.92165403801823,3.9986418131302512,1.425728823726014,216.2367814875209,9.666277958757869,9.118188076910302,246.78494992412124,9.074773177661132,10.06664245615513
50,3,2,5.0,3.5,0,1,13.225439071248948,1.190983115059957,6.356683113817849,0.7232503760964125,76.72679425319085,2.6235884785874926,1.2696077936431784,135.2284744810343,6.3721886539620165,6.079132316976631,203.9808087079882,7.122711154072676,6.751787287071394
50,3,2,1.5,4.5,0,1,13.822703676488848,1.244768252644542,6.580567627073917,0.748723497143241,80.7461406645526,2.7550993794815883,1.3007894291453845,141.4463626878254,6.628779213444912,6.328743164522492,207.11034399499948,7.250281582587645,7.030531322073729
50,3,2,2.0,2.0,0,1,19.76105526424201,1.779531328123715,9.193218322437598,1.0459855383991303,112.95132018667678,3.999848597169197,1.425831946077237,216.32794216117324,9.669905808222099,9.12145003014827,246.83235907990473,9.07716044617033,10.070069083527514
50,3,2,0.0,10.0,0,1,19.763222334332117,1.779726478082258,9.194242458454992,1.0461020624961306,112.96120618620505,4.0002508634076515,1.4258662752010098,216.358322627188,9.671115256932975,9.122537687391521,246.8481647132931,9.077956452488458,10.071211532400266
50,3,2,6.0,18.0,0,1,13.131938757297958,1.1825631832475973,9.229701637862137,1.050136535252298,764.5203579711922,24.182457316153336,0.25119437698814506,88.19374395102756,2.904476342971989,0.6087924470472605,257.74430147467035,8.154412069365794,0.28095600346558136
50,3,2,6.0,0.5,0,1,19.763222334332117,1.779726478082258,9.194242458454992,1.0461020624961306,112.96120618620505,4.0002508634076515,1.4258662752010098,216.358322627188,9.671115256932975,9.122537687391521,246.8481647132931,9.077956452488458,10.071211532400266
50,3,2,16.0,2.5,0,1,18.887790498671837,1.7008917014793459,8.781291850420216,0.999117388693347,108.83614269100232,3.8314222271918097,1.414572769156303,204.15375748483632,9.184154822120181,8.685624903259816,240.48795243702114,8.760721343844619,9.608272941597022
50,3,2,10.0,2.0,0,1,19.75238909313432,1.778750918232907,9.189123244518617,1.0455196088267393,112.91176211961701,3.998239550519817,1.4256944151542323,216.2063997081267,9.665069024634457,9.117101058709661,246.76915095561446,9.07397772728817,10.06550051895663
50,3,2,0.0,3.5,0,1,19.763222334332117,1.779726478082258,9.194242458454992,1.0461020624961306,112.96120618620505,4.0002508634076515,1.4258662752010098,216.358322627188,9.671115256932975,9.122537687391521,246.8481647132931,9.077956452488458,10.071211532400266
50,3,2,20.0,10.0,0,1,23.433836550509074,2.110274260262843,15.101521244761251,1.7182201353028645,1408.4236617839158,44.53934197572903,0.22788242419240667,245.64688960660516,7.7682228177747135,0.04828230592790661,263.71280550906147,8.33933113693051,0.0004906898896357426
50,3,2,5.0,10.0,0,1,7.455160095156861,0.6713553890776132,5.6817185771575955,0.6464542945157352,358.3230088263903,11.348744632660143,0.30250789567611647,38.06891896408159,1.507731531236711,1.0071232743876413,241.5111651458903,7.676054999940407,0.8924516132853872
50,3,2,4.0,9.0,0,1,6.140388208928592,0.5529569670503643,4.5921217879130785,0.5224822050621155,233.50359203352815,7.44484916635742,0.4620555516400473,57.640754488787316,2.353521568031607,1.5517625175542031,225.2836659757515,7.245506407494142,1.5403274005579362
50,3,2,9.0,5.0,0,1,7.1506468708246995,0.6439332289105087,5.456042974993148,0.620777387043909,325.99315269327826,10.321180764498305,0.23404588232203327,42.67398332207702,1.7110955351754153,0.8664261895006218,242.9616929149369,7.715171388348947,0.810005115618339
50,3,2,2.0,6.0,0,1,8.958173115900378,0.8067053853822533,4.812530179104005,0.5475598200649971,43.60036360044227,2.015741921337574,1.0592015929099787,102.88105099364796,4.609487900908543,4.234600307990634,186.24281913868515,6.517381795438224,4.654600123866793
50,3,2,12.0,7.0,0,1,13.067770878403945,1.1767847089088421,8.985148170717638,1.0223117429949238,716.8596848744056,22.669225199299238,0.02889928255255647,65.39485741560308,2.0890004161291333,0.1944883291475501,262.39859176376945,8.298035503759582,0.07077148830777369
50,3,2,3.0,10.0,0,1,6.412914602846434,0.5774986349538463,4.230520896256247,0.48133999674295225,173.6699066012698,5.637428987876634,0.6491925315099816,69.62493071220672,2.869206184878059,2.227580274826506,209.921107101603,6.909554713454067,2.2568478816893665
50,3,2,20.0,8.0,0,1,20.896756826740425,1.881804029800839,13.580629155933941,1.5451761506412232,1245.2469101892261,39.37830473311792,0.06915502931791595,212.95190331020797,6.734296051526175,0.047548202861790845,263.71684018593976,8.339458734741317,0.0012785144715925512
50,3,2,4.0,4.5,0,1,7.663033519333075,0.6900748990258139,4.392652589281384,0.4997870084718648,40.84665901540822,2.2099883904589093,0.9454758279378498,94.17384199266507,4.101585488542902,3.624034314746112,187.63321337682828,6.487476956310353,3.956777510405157
50,3,2,16.0,1.0,0,1,19.763222334332117,1.779726478082258,9.194242458454992,1.0461020624961306,112.96120618620505,4.0002508634076515,1.4258662752010098,216.358322627188,9.671115256932975,9.122537687391521,246.8481647132931,9.077956452488458,10.071211532400266
50,3,2,9.0,2.5,0,1,19.266506754483913,1.7349960260043022,8.95880014370374,1.0193139184839337,110.63441191028838,3.905197689982194,1.4198903774664937,209.4221547042215,9.393254971440722,8.873436364214928,243.22706719115533,8.896345566379319,9.808106703401355
50,3,2,2.0,9.0,0,1,7.677659831709203,0.6913920342061066,4.386765522975283,0.49911719013362854,61.69855715815925,2.629714330906183,0.9371032339382815,91.77718510226072,3.984779568932521,3.531454412080182,190.18812017909,6.524473716664225,3.7954142367286874
50,3,2,16.0,14.0,0,1,24.490607497082117,2.205439067047255,15.732770126592278,1.790042339276239,1473.6584966842393,46.60251168535024,0.2621905765602772,254.036119401451,8.033764191818937,0.07862044841652216,263.7122727591306,8.339314289647717,0.0003959658153740442
50,3,2,20.0,20.0,0,1,31.953853554330788,2.877522616775602,20.515109358943896,2.33416709529881,1898.361241975816,60.031851496433106,0.18903128591917628,303.62800175911354,9.602332387727298,0.08343004254933883,263.71088841039193,8.339270511640995,2.7753342440206552e-05
50,3,2,4.0,1.5,0,1,19.763221472415687,1.7797264004645768,9.194242059301828,1.0461020170813018,112.9612023608,4.00025070934077,1.4258662535102604,216.35831067392922,9.671114785589696,9.12253726259016,246.8481585868326,9.0779561404212,10.07121108510065
50,3,2,18.0,4.5,0,1,10.66807584899892,0.9606863059811277,7.647645028296546,0.8701333767832417,564.4971108572942,17.85143719342725,0.055914567901008905,20.03776148201484,0.7438807412433528,0.30247239880985977,259.3278238123322,8.202617125032287,0.19468370694539067
50,3,2,8.0,9.0,0,1,10.491953023488966,0.9448260150502198,7.570879072404337,0.8613991036605574,561.2905375627727,17.750792317772042,0.08923962061736912,23.047291067357598,0.8489983826050985,0.3839336549534861,257.9052440388416,8.158845570067792,0.2513890152230287
50,3,2,0.5,3.0,0,1,19.534230728509026,1.7591052242579788,9.0846706886889,1.033635211109342,111.88443721984865,3.956220439759394,1.423901533993427,213.1441378548525,9.541765285379702,9.00672197247115,245.161494093141,8.993352734214012,9.949180567090934
50,3,2,1.5,3.0,0,1,19.0830713470432,1.7184772191965219,8.87075578708223,1.0092964120423662,109.7468305874499,3.868337017986012,1.4192265744525328,206.83989636383987,9.289529224510673,8.780589177439046,241.86148517476744,8.829292833352081,9.709597972652285
50,3,2,12.0,16.0,0,1,21.495233457437738,1.9356983132403953,13.953334408944785,1.5875817904358587,1289.6725118808686,40.78389139726266,0.1632119654941735,217.04737542755697,6.865434374032031,0.14879404400794227,263.64490120599686,8.337185266653016,0.006342512650169718
50,3,2,5.0,12.0,0,1,8.49663517013758,0.765142765237723,6.42120501186459,0.7305915454127373,444.35157596429815,14.064930998767167,0.30698256016631476,31.496133357929907,1.1961194114964642,0.9277754918150922,245.88852400129701,7.8022841519865445,0.7440324394995844
50,3,2,6.0,3.5,0,1,12.179620706416673,1.0968046150324922,5.9562855960030765,0.6776939671701735,68.97342529083583,2.393689229452227,1.2255321974177722,125.56467771353816,5.915535522954496,5.6271126610000195,198.50231294377895,6.915547687557592,6.243621668165773
50,3,2,14.0,0.5,0,1,19.763222334332117,1.779726478082258,9.194242458454992,1.0461020624961306,112.96120618620505,4.0002508634076515,1.4258662752010098,216.358322627188,9.671115256932975,9.122537687391521,246.8481647132931,9.077956452488458,10.071211532400266
50,3,2,8.0,16.0,0,1,15.825875540652717,1.4251587753281152,10.677966366410645,1.2149171277177246,925.1165983284112,29.257530874893593,0.1445275957233667,128.68239996839876,4.095495344686184,0.34867447247594924,261.89292777291695,8.282223453503759,0.09069069569734045
50,3,2,6.0,1.0,0,1,19.763222334332117,1.779726478082258,9.194242458454992,1.0461020624961306,112.96120618620505,4.0002508634076515,1.4258662752010098,216.358322627188,9.671115256932975,9.122537687391521,246.8481647132931,9.077956452488458,10.071211532400266
50,3,2,9.0,14.0,0,1,16.06968388771733,1.4471143129174777,10.791946193045007,1.2278855187802757,935.8261886557764,29.595059850290713,0.11666033524217312,131.109241664595,4.1620293408443905,0.2667567920728089,262.5323540502761,8.302206088914572,0.06031366851670095
50,3,2,20.0,12.0,0,1,25.998580983072685,2.341235765372165,16.654745263539983,1.8949427806871801,1566.5330111974802,49.539155498099795,0.24844605909959272,270.37936710335214,8.550549870849778,0.06203693170422875,263.7096261276421,8.339230595228761,0.00022611843685416133
50,3,2,8.0,4.0,0,1,6.32905375236882,0.5699467603888249,3.9820994944818837,0.45307511881107193,91.26250375293259,3.2508733171954973,0.7542775716140375,81.90546617218912,3.4377107596232346,2.7321735895373114,198.08892311632061,6.6316314613554015,2.9371029688501116
50,3,2,9.0,16.0,0,1,17.3432760419263,1.5618043994215378,11.562860017356247,1.3155985136531874,1025.4568708343231,32.42982011075904,0.138084584792185,154.4475664942175,4.8966172212285,0.2789932884815131,262.81354274318676,8.311018603719912,0.04672894250879378
50,3,2,0.0,20.0,0,1,19.763222334332117,1.779726478082258,9.194242458454992,1.0461020624961306,112.96120618620505,4.0002508634076515,1.4258662752010098,216.358322627188,9.671115256932975,9.122537687391521,246.8481647132931,9.077956452488458,10.071211532400266
50,3,2,12.0,3.5,0,1,7.608347427610959,0.6851502827980436,4.387009018203878,0.49914489452167277,40.201309635328855,2.1722499084013616,0.9315350714064192,93.95183880337491,4.092300211328697,3.6105352758201157,187.6572541690502,6.488173571318463,3.9454385672973378
50,3,2,1.5,6.0,0,1,10.908556998680583,0.9823422213135493,5.482999029096061,0.6238443916308811,58.591383581969225,2.1701630409741566,1.18083898992608,115.97221495867791,5.379546799905585,5.078479241266475,192.42114602225206,6.710314691834883,5.618998387705964
50,3,2,5.0,4.5,0,1,6.614993434907499,0.5956963277184645,4.043674367610249,0.4600809816723766,78.56926291580857,2.9464964631992947,0.8049704510892431,84.70533166567438,3.5815208975379274,2.9364333948353245,195.361569311928,6.578046333823997,3.1685630215948386
50,3,2,6.0,8.0,0,1,7.550782518756462,0.6799664220508632,5.735516971536835,0.652575365563557,358.7424324892755,11.35479239071343,0.22456412256074798,36.71590711273133,1.4736825217616425,0.8129628397947318,245.23427298980414,7.78080801590298,0.7299412012678989
50,3,2,20.0,3.5,0,1,5.788429157163069,0.5212621941519349,3.9965469197914594,0.4547189172514978,141.7706568999099,4.640868027803483,0.5881543534498279,72.3563994761454,2.981067089406727,2.0784067884743904,209.3663159818891,6.884985424715605,2.2023004666451413
50,3,2,7.0,1.0,0,1,19.763222334332117,1.779726478082258,9.194242458454992,1.0461020624961306,112.96120618620505,4.0002508634076515,1.4258662752010098,216.358322627188,9.671115256932975,9.122537687391521,246.8481647132931,9.077956452488458,10.071211532400266
50,3,2,1.5,1.5,0,1,19.763222011113445,1.7797264489756266,9.194242308772553,1.0461020454655694,112.9612047516782,4.0002508056325725,1.4258662670669782,216.35831814471584,9.671115080179238,9.122537528091005,246.84816241587032,9.077956335463233,10.071211364662904
50,3,2,10.0,8.0,0,1,12.004501741088058,1.0810347241646305,8.397398709408858,0.9554388139325958,651.0509066100647,20.58840179082205,0.046873710016713144,45.52678293804627,1.4903078130405678,0.25609444425429695,261.1502486973212,8.259090454780644,0.12245194856764763
50,3,2,0.0,1.0,0,1,19.763222334332117,1.779726478082258,9.194242458454992,1.0461020624961306,112.96120618620505,4.0002508634076515,1.4258662752010098,216.358322627188,9.671115256932975,9.122537687391521,246.8481647132931,9.077956452488458,10.071211532400266
50,3,2,12.0,1.0,0,1,19.763222334332117,1.779726478082258,9.194242458454992,1.0461020624961306,112.96120618620505,4.0002508634076515,1.4258662752010098,216.358322627188,9.671115256932975,9.122537687391521,246.8481647132931,9.077956452488458,10.071211532400266
50,3,2,12.0,9.0,0,1,15.101620487242032,1.3599378374853675,10.150731616885691,1.1549294385318156,854.23927820571,27.013543090787763,0.03196514896075309,107.46772175119955,3.406151343541261,0.14818488702127242,263.19146658683485,8.322895177408363,0.03220189303657506
50,3,2,2.0,20.0,0,1,8.795962508093806,0.7920979236609091,5.00354210131902,0.5692927650785068,236.10806459202504,7.623826609636801,0.9525989571468363,79.92669963234687,3.3851072409014544,3.169252449854909,206.51944237972927,6.883542690749544,2.9210128727199525
50,3,2,10.0,2.5,0,1,19.21200546468807,1.7300880516417005,8.933143516574104,1.0163947600346885,110.37757914557619,3.8946466362373027,1.4191617515144093,208.66311651634572,9.363016894840714,8.84635041061917,242.83164144904637,8.876665900474215,9.779308913976699
50,3,2,0.5,4.0,0,1,18.288432973973716,1.6469180913818642,8.496632321800805,0.9667294109623376,105.88557461822055,3.708185375364691,1.4133915896160194,195.79881848937714,8.849488254693243,8.384613158351366,236.0663675419854,8.547449479623916,9.287296920202392
50,3,2,2.0,2.5,0,1,19.65197634158496,1.7697085045188718,9.141210788022068,1.040068227727451,112.4429318006053,3.9791473265978192,1.424634023534302,214.79645242499487,9.608499524851283,9.066405043272491,246.0322312400859,9.036895164872956,10.012131950826419
50,3,2,18.0,3.5,0,1,5.973402427307103,0.5379194892551185,3.9425981784690576,0.4485807400366326,116.19022584412369,3.9096344829393446,0.6641570494733097,76.91398920848121,3.1927835522750745,2.377863757866881,203.52907508016222,6.753160803544037,2.539063485845791
50,3,2,20.0,18.0,0,1,30.954942745335153,2.78756825680649,19.88683003704648,2.262682761768302,1851.1250148182444,58.53821288151891,0.20308969710150127,300.59789226182045,9.50658176284344,0.08649755745952037,263.7111734996192,8.33927952695734,3.1230454807129604e-05
50,3,2,12.0,5.0,0,1,9.161680693163616,0.8250317401445825,6.772340651447185,0.7705430388003695,467.6385265371581,14.78976687140931,0.10259346659214996,18.801440448947517,0.6980681900244587,0.44909542903801536,255.03933175541118,8.071346524106607,0.35672881650749966
50,3,2,1.0,2.5,0,1,19.707537956760067,1.7747119637736097,9.167672702543697,1.043079010125648,112.70269552460768,3.9897024953875313,1.4252539248845477,215.5734628343398,9.639738938749435,9.094380873991911,246.4382087579866,9.057375080308349,10.041628781761505
50,3,2,7.0,9.0,0,1,9.282246336931687,0.835888971062251,6.853696000225192,0.7797994836392264,482.35085619511773,15.25624591557959,0.14233868625173662,20.17457548603271,0.7351318089117902,0.5198872462473801,253.9981746035396,8.03997612649101,0.40118462466440674
50,3,2,7.0,18.0,0,1,15.052666976636003,1.3555294541991418,10.268325220497317,1.168308997732079,880.5722134892799,27.85023822673268,0.18880439499750734,117.84869336288233,3.7754385957853147,0.45495067200976896,260.6646548084492,8.244064768559962,0.1485046103969705
50,3,2,14.0,1.5,0,1,19.763219317624763,1.7797262064203871,9.194241061419023,1.0461019035442414,112.96119279728643,4.000250324173563,1.4258661992833779,216.3582807907846,9.671113607231613,9.12253620058685,246.84814327068304,9.077955360253165,10.071209966851711
50,3,2,7.0,4.5,0,1,5.764978443866561,0.5191504000994432,4.049383863152797,0.46073059637308306,155.19432894869072,5.04358238469256,0.5648023578437129,70.32305304077332,2.8894032874761817,1.9604119450614972,212.4771790273836,6.947914663290919,2.061801054563788
50,3,2,1.0,5.0,0,1,14.618900407216405,1.3164677143753738,6.89627219363546,0.7846437156617089,85.81779678096223,2.9287159957058915,1.330691926342504,150.0957612368757,6.990782454431038,6.6744959798716605,211.6580627803899,7.440566216228059,7.415112416586332
50,3,2,10.0,9.0,0,1,12.90704879904241,1.1623112928123558,8.915079526023147,1.0143394762135742,712.2043341963837,22.52216554107085,0.045426923009524334,64.6359751312393,2.073888144992369,0.23240638513393086,261.8468145713434,8.280790420293378,0.09299030142352283
50,3,2,18.0,18.0,0,1,29.185041782104783,2.6281843489316903,18.72479686324564,2.130469008944749,1754.789482673481,55.49212077240651,0.23259438228901086,291.46079873148585,9.217564062590073,0.08456466951318042,263.71155168156713,8.339291486187228,8.842496616523476e-05
50,3,2,16.0,7.0,0,1,16.54633314149347,1.490037743284898,11.01064720284975,1.2527688714284693,950.4183975584267,30.054994803460847,0.09384296644749357,136.4923964724298,4.318602641244304,0.09708239602879176,263.621437436586,8.336443705742543,0.010130216269803483
50,3,2,18.0,10.0,0,1,21.74154011848938,1.957878830110872,14.09965076082489,1.6042293650642536,1303.7512833478775,41.22851119760176,0.10211937691795114,224.49437748126675,7.0993444823709835,0.05532268619785535,263.7165288393917,8.339448884833551,0.0009811378733721732
50,3,2,16.0,18.0,0,1,27.286753766942116,2.457238873216311,17.478500755549604,1.9886679922070627,1642.9042192361335,51.95438058658224,0.260795586803126,277.98521891939555,8.791351028994482,0.08858270360244136,263.71007166317264,8.339244684127982,0.00021858053443257752
50,3,2,20.0,16.0,0,1,29.688492268472412,2.673521295803727,19.06610296192797,2.169302117315277,1785.199807732376,56.45361374434031,0.21869816534157938,295.25939340869803,9.337709323559325,0.08389889559917163,263.7115615101449,8.339291796985862,6.192116468217712e-05
50,3,2,16.0,1.5,0,1,19.763218886666607,1.779726167611552,9.194240861842474,1.0461018808368308,112.9611908845836,4.000250247140121,1.4258661884379995,216.35827481415603,9.67111337156002,9.122535988186204,246.84814020745333,9.077955204219577,10.071209743201937
50,3,2,1.0,7.0,0,1,12.687526313704675,1.1425427564329773,6.140811091182364,0.6986888998100736,72.24156262309256,2.4971697659046295,1.264517597126393,129.9241775357598,6.124588646205116,5.837260495470103,200.88181418092807,7.007823634983311,6.474523514225438
50,3,2,14.0,5.0,0,1,10.578270030713455,0.9525990725338355,7.599670904992957,0.86467497936104,559.3583531766803,17.688977999445893,0.058312608124960974,19.192329290377756,0.715157529346218,0.31185278594072663,259.1411081138292,8.196850688017836,0.20202285046881824
50,3,2,5.0,8.0,0,1,6.495360284837652,0.5849230701375979,5.0212260577408685,0.5713048093953255,281.71635138606814,8.936753525486395,0.3344237244740833,49.71945147073717,2.0180944535116896,1.160894023284188,235.39998946964613,7.5052199562567985,1.1118561567984937
50,3,2,1.0,10.0,0,1,11.665125070508521,1.0504730254468786,5.862491183514921,0.6670222311573557,57.02767524055502,2.131649566721849,1.2212073919946482,123.1394396420626,5.760680470005726,5.481034754807406,197.02097411154307,6.863026870289143,6.002952983031621
50,3,2,7.0,3.5,0,1,11.196827150446756,1.0083016530934472,5.600702125288948,0.6372364086726255,61.179353125641256,2.200055897613963,1.1792225843655915,118.17316737776612,5.5113467305005495,5.214579287644362,193.90338567737666,6.756431758667896,5.776685914623757
50,3,2,1.0,9.0,0,1,11.922147054235946,1.073618483315573,5.913536036708192,0.6728300099326683,62.082535849331066,2.2487977748052796,1.2334483715070137,124.5190703596594,5.8423355486083475,5.5591351150218085,197.73349877755507,6.890238066661908,6.124563077009693
50,3,2,14.0,2.0,0,1,19.748057160969392,1.7783608171529943,9.187076607842481,1.0452867467004945,112.89197396344733,3.997435075432659,1.4256255938009588,216.14564968439703,9.662651779694842,9.114927450991924,246.73755896227073,9.072387282367817,10.063217049495275
50,3,2,20.0,9.0,0,1,22.115796956644758,1.9915815731757713,14.316025735336924,1.628848066184261,1326.8191166144675,41.95820596662423,0.14080057388306244,230.11901324342966,7.277141699469505,0.046243812222303116,263.71623741372537,8.339439666459306,0.0007804325609497287
50,3,2,16.0,3.5,0,1,6.301915388813581,0.5675028844168798,3.98134871154796,0.4529896962676473,90.6529870623399,3.2257430819530404,0.747164409000448,81.82797375214341,3.4351517227995436,2.726361311427545,198.0858313283521,6.632618390183399,2.9343999707904698
50,3,2,9.0,0.5,0,1,19.763222334332117,1.779726478082258,9.194242458454992,1.0461020624961306,112.96120618620505,4.0002508634076515,1.4258662752010098,216.358322627188,9.671115256932975,9.122537687391521,246.8481647132931,9.077956452488458,10.071211532400266
50,3,2,3.0,8.0,0,1,6.188751346582719,0.5573121858092335,3.9961805956436702,0.45467723764077667,124.86973508477477,4.18828437821655,0.6971944163750509,76.56664972291856,3.179167193816995,2.4351731379439348,203.65438936277496,6.756078547060151,2.5648735887509115
50,3,2,10.0,20.0,0,1,20.739098250565608,1.86760648965438,13.511082859144208,1.537263315533878,1242.371615101453,39.28895074843247,0.20034284358715393,205.396372462349,6.500184677782016,0.24017762695115868,263.4319840820918,8.330466564110733,0.015321564164005208
50,3,2,5.0,2.5,0,1,19.485929502740976,1.7547555808157806,9.062427997841088,1.0311044833330734,111.66632533872627,3.9474247272426926,1.4226867614208802,212.48079881566957,9.515512548273048,8.98311625585459,244.82211526914142,8.976059394583725,9.924161893795473
50,3,2,1.0,1.0,0,1,19.763222334332117,1.779726478082258,9.194242458454992,1.0461020624961306,112.96120618620505,4.0002508634076515,1.4258662752010098,216.358322627188,9.671115256932975,9.122537687391521,246.8481647132931,9.077956452488458,10.071211532400266
50,3,2,0.5,2.0,0,1,19.762680546000496,1.7796776887187125,9.193986409977795,1.0460729298251894,112.95873484179549,4.000150297651925,1.4258576939906313,216.35072729433801,9.670812877249558,9.122265747667718,246.84421299556234,9.077757433237517,10.070925921189982
50,3,2,10.0,12.0,0,1,15.772792312221105,1.4203785008575034,10.585296383295221,1.204373326974317,909.0797697164625,28.748403600007673,0.08506381778931749,123.65997426966034,3.9219568924677866,0.20564384963706267,262.85097597281856,8.312195603337647,0.046485595356140275
50,3,2,18.0,9.0,0,1,20.554567183156752,1.8509890159883673,13.370693319918768,1.5212900815017951,1222.1942297562523,38.64933190691033,0.07059900670169483,207.0598095572542,6.548073617164324,0.055565285138768905,263.7155249197518,8.339417146210932,0.0015905090014718404
50,3,2,8.0,8.0,0,1,9.748374936054713,0.8778649907627183,7.1188683065480705,0.8099702451581512,508.7425677644162,16.089326295759374,0.09859051900285021,17.05971724069353,0.6247653824987963,0.422966877279628,256.39505457002093,8.112604155361575,0.30715453909935736
50,3,2,0.5,18.0,0,1,14.401595297917524,1.2968988581281848,7.160775709431735,0.8147383835652631,62.80247989391952,2.2121326725202075,1.3693756363925376,159.4517328088058,7.199736224023058,6.896834126193562,214.3492053863867,7.508449912120517,7.382140294446648
50,3,2,5.0,4.0,0,1,8.801120922654189,0.792562451500688,4.771205630777335,0.5428579976547674,42.43562423241137,1.9821957526688951,1.037221174641546,101.97992273037461,4.560108911948209,4.175711394832591,186.06861251433486,6.510317550802156,4.591195662224579
50,3,2,1.5,10.0,0,1,9.151872930489805,0.8241485271428745,4.938682622524327,0.5619131865165821,42.02913707836958,2.165203256751438,1.072282338996238,103.1370076687553,4.651516689202072,4.3211885298535,187.73399663398544,6.565274251868695,4.668662063320657
50,3,2,8.0,0.5,0,1,19.763222334332117,1.779726478082258,9.194242458454992,1.0461020624961306,112.96120618620505,4.0002508634076515,1.4258662752010098,216.358322627188,9.671115256932975,9.122537687391521,246.8481647132931,9.077956452488458,10.071211532400266
50,3,2,18.0,16.0,0,1,27.991853815161953,2.520734856021401,17.933318318678758,2.0404162023503947,1685.7198634563547,53.30807854348289,0.24399665859731368,284.24701459826576,8.989331741869375,0.07909268491282206,263.710920779326,8.339271535303695,9.88776503938471e-05
50,3,2,2.0,1.0,0,1,19.763222334332117,1.779726478082258,9.194242458454992,1.0461020624961306,112.96120618620505,4.0002508634076515,1.4258662752010098,216.358322627188,9.671115256932975,9.122537687391521,246.8481647132931,9.077956452488458,10.071211532400266
50,3,2,0.0,2.0,0,1,19.763222334332117,1.779726478082258,9.194242458454992,1.0461020624961306,112.96120618620505,4.0002508634076515,1.4258662752010098,216.358322627188,9.671115256932975,9.122537687391521,246.8481647132931,9.077956452488458,10.071211532400266
50,3,2,14.0,3.0,0,1,14.120416978730029,1.271578063206431,6.7109603350815945,0.7635593122087717,82.65489046769983,2.819082289941905,1.2961997627707809,144.80452482857373,6.776871542319962,6.469682858361947,209.03851888431132,7.3257163569820785,7.187469700840333
50,3,2,10.0,3.5,0,1,8.776898954035385,0.7903812040212588,4.76975196555352,0.5426926026050193,42.15626472773542,1.9614961158567772,1.0297132497348522,101.89091232879085,4.557135381364096,4.171493256346428,186.07391225486293,6.510152486582385,4.588138715869983
50,3,2,4.0,18.0,0,1,9.313206498462739,0.8386770092834674,6.926839160111454,0.7881215624576003,507.1425928662833,16.060985059293603,0.476352175713453,49.54526087871548,1.8160922706045604,1.2930388886920445,242.97975663802828,7.7255696799129385,0.938916670478701
50,3,2,3.0,12.0,0,1,6.880386151409404,0.6195955905339269,4.618619982849545,0.5254971153715527,230.17528279676975,7.375860490471842,0.6311486794202783,63.02612426892294,2.579555377599752,2.119178286275848,216.07065122287224,7.051912912466575,2.0364483026009035
50,3,2,1.0,4.5,0,1,15.620547442774164,1.4066684782345122,7.312939207458957,0.8320512344980251,91.80593070126042,3.1475449804781648,1.3594057051932698,161.50938560721903,7.470525569719593,7.124958668013914,217.90776121138612,7.708363000428215,7.912526509820968
50,3,2,14.0,4.5,0,1,8.451003215307498,0.7610334961679383,6.334970102792707,0.7207799142047409,419.9066529045973,13.281869799522177,0.13414787690732055,25.509859452433215,1.002719349128094,0.5433814227417858,251.94509207379144,7.978099665777454,0.472031250057942
50,3,2,0.0,8.0,0,1,19.763222334332117,1.779726478082258,9.194242458454992,1.0461020624961306,112.96120618620505,4.0002508634076515,1.4258662752010098,216.358322627188,9.671115256932975,9.122537687391521,246.8481647132931,9.077956452488458,10.071211532400266
50,3,2,7.0,16.0,0,1,14.137633675489132,1.273128468832039,9.738116477260185,1.1079829336370661,819.9760986450731,25.9335081637623,0.17931382964158615,100.90032200183455,3.2491140914005885,0.44362505900123406,260.12763263431214,8.227440288094567,0.17104451157874434
50,3,2,8.0,20.0,0,1,17.49919675674151,1.5758454409047422,11.68186501065189,1.3291386578789282,1041.0403923581775,32.924088769962125,0.18009022906820027,158.2415766642743,5.024084898912308,0.3744130746289788,262.39308315404,8.29784854816542,0.06727227945687608
50,3,2,0.5,4.5,0,1,17.5935759079468,1.584344514159977,8.17699779457105,0.9303620495738486,102.40854360320185,3.5651882577560476,1.4049668527197456,186.36253070655306,8.474933923545557,8.04671141853713,231.13066362377737,8.312045489728561,8.921937192136495
50,3,2,12.0,3.0,0,1,14.837581058410878,1.3361604415324722,6.999452112796792,0.7963833153873605,87.15635973304707,2.9784404901276837,1.3217834298004814,152.7189225886427,7.108459427333101,6.7844601381840794,213.260837316184,7.503331390181743,7.536293068543012
50,3,2,18.0,2.0,0,1,19.74372594952432,1.7779707809756662,9.185030529055947,1.0450539480497851,112.8721816976681,3.996630759239135,1.4255568288273404,216.08491372981908,9.660235279500855,9.112755014385344,246.70597504416878,9.070797447725221,10.06093411737939
50,3,2,16.0,3.0,0,1,13.428950933785433,1.2093098557216164,6.441324429850718,0.7328806915546423,78.10111280316413,2.6662201455599255,1.269841460635528,137.42758387299583,6.468099105527579,6.172132885578261,205.21887973488475,7.169111916414085,6.855935306841809
50,3,2,9.0,6.0,0,1,8.886428609889325,0.8002446172522005,6.606388106505912,0.7516612983716185,449.96148778491215,14.231373122115805,0.11681280035989983,21.247140786447247,0.8087687928588091,0.49084314092613546,253.9007009546051,8.036875516847687,0.39967540740670987
50,3,2,3.0,1.5,0,1,19.763221687894795,1.779726419868997,9.194242159090116,1.0461020284350087,112.9612033171513,4.000250747857492,1.4258662589329483,216.35831366224383,9.671114903425508,9.122537368790496,246.8481601184477,9.077956218438015,10.071211196925557
50,3,2,18.0,3.0,0,1,12.775522049233125,1.1504669875036488,6.1896639119802614,0.7042472736322082,73.48516718551464,2.5207050255351695,1.2426380602691132,130.8042833036674,6.180599508685542,5.8903557962564586,201.697955277755,7.032427083673349,6.540345581159089
50,3,2,8.0,5.0,0,1,6.478390112887653,0.5833948646736259,5.0079496735298275,0.5697942496109367,277.796598099599,8.808834491690408,0.30509865611230524,50.79597019482385,2.0482797840323848,1.0908136123063188,236.49782736938448,7.53426935366215,1.0592531135644232
50,3,2,5.0,3.0,0,1,17.571944272272876,1.5823965324937366,8.174114515254287,0.9300339959627275,102.33150748251259,3.5645374156850043,1.3974074932329117,186.17481619770086,8.471377216750849,8.04283037385025,231.118831723866,8.308682309397883,8.917019254348656
50,3,2,4.0,6.0,0,1,5.885915704662442,0.5300410960388027,3.985678704822775,0.453482354027745,139.78122551914038,4.598341074771813,0.6190670429026445,73.22530395418119,3.0184571317600435,2.144125555295945,208.25527137037898,6.859875582984083,2.2608150456189704
50,3,2,16.0,4.0,0,1,6.7359301916960135,0.6065869782707287,5.1786388786946915,0.5892149175317166,295.5144406843445,9.362884744533925,0.2704766303726227,47.84023491111198,1.9210568555918563,0.9889220831802633,239.20606303192628,7.609188747141227,0.9536193459748206
50,3,2,6.0,1.5,0,1,19.763221041457495,1.7797263616557382,9.194241859725256,1.0461019943738885,112.96120044809743,4.0002506323073295,1.4258662426648843,216.3583046973,9.671114549918062,9.12253705018949,246.84815552360254,9.07795598438758,10.07121086145085
50,3,2,0.0,0.5,0,1,19.763222334332117,1.779726478082258,9.194242458454992,1.0461020624961306,112.96120618620505,4.0002508634076515,1.4258662752010098,216.358322627188,9.671115256932975,9.122537687391521,246.8481647132931,9.077956452488458,10.071211532400266
50,3,2,6.0,16.0,0,1,12.295713866702176,1.1072590878805475,8.738472927070813,0.9942455393558867,707.3034001925605,22.372653520334495,0.24072429563958764,71.92342517674601,2.4179479254916543,0.6060185503716553,256.84865791515324,8.12707264661102,0.3150709269701577
50,3,2,2.0,1.5,0,1,19.763221903373896,1.779726439273417,9.194242258878408,1.046102039788716,112.96120427350263,4.000250786374213,1.4258662643556352,216.3583166505585,9.671115021261325,9.122537474990835,246.8481616500628,9.077956296454824,10.071211308750454
50,3,2,1.5,9.0,0,1,9.328390675761804,0.8400443815636497,4.978396380516075,0.5664317365039641,43.544941603325874,2.0513640252166807,1.0879766837326557,104.9804690999224,4.748254305550323,4.4115881498939435,187.66578795444758,6.562497714216731,4.810572215195144
50,3,2,1.5,8.0,0,1,9.629609328320102,0.8671698574896572,5.058022326913153,0.5754914134844847,46.84914167255778,2.0243450418080244,1.1086468073267308,107.23528022434134,4.87315418660099,4.53954166470991,188.12325358430377,6.575081924636184,4.983946996037872
50,3,2,6.0,9.0,0,1,8.063475003824049,0.726135633495876,6.1051262863110525,0.694628755851033,400.99520651205376,12.688577196738748,0.2090700951344353,30.19717275784995,1.1810592989986024,0.7388625778909254,247.9230099089164,7.859386615724899,0.6337568197669531
50,3,2,7.0,2.0,0,1,19.755638535691112,1.7790435384776981,9.190658615407026,1.0456943001795416,112.92659935909863,3.998842943174747,1.4257460218896374,216.25197446796875,9.666882508815167,9.118731647365745,246.79285022791979,9.075170961526767,10.067213476063039
50,3,2,18.0,7.0,0,1,18.138543905199487,1.6334202143676904,11.936565672569369,1.3581179771599836,1058.048083930666,33.45851390729397,0.057728843778232175,166.44716268017837,5.264427615380994,0.07194161423331152,263.6952788309517,8.338776938816581,0.00334242286905706
50,3,2,10.0,10.0,0,1,13.87356101920412,1.2493480806657062,9.462975604706605,1.0766779690838852,777.7173524761149,24.593924196896747,0.05521067169583249,84.70344016492676,2.69881756648323,0.21725592745045907,262.3069305715541,8.295160458128835,0.07312096540468316
50,3,2,1.5,0.5,0,1,19.763222334332117,1.779726478082258,9.194242458454992,1.0461020624961306,112.96120618620505,4.0002508634076515,1.4258662752010098,216.358322627188,9.671115256932975,9.122537687391521,246.8481647132931,9.077956452488458,10.071211532400266
50,3,2,5.0,16.0,0,1,10.450584097345777,0.9411006421337312,7.671602469715007,0.8728592053649032,588.1806373413744,18.611223376302238,0.32113113982047325,50.232554688479475,1.7668447234282343,0.8694301536514273,250.99228035168505,7.952350248166442,0.5678177448078319
50,3,2,14.0,4.0,0,1,6.024654462518849,0.5425348603003297,4.716704797997098,0.5366570046053907,244.753987660332,7.776340716905533,0.3560852013329867,55.86655015404971,2.2620633556711103,1.2604418713513064,231.35663695873782,7.396551442449732,1.2648886415726817
50,3,2,2.0,5.0,0,1,10.668293410858222,0.9607058979583404,5.400150209688542,0.6144180227648006,56.586006815755354,2.128260568054092,1.1637781350384406,114.3033499552042,5.285555057425645,4.978757289086723,191.51084974974617,6.679198684396858,5.506534744314948
50,3,2,18.0,1.5,0,1,19.76321845570845,1.7797261288027164,9.194240662265944,1.0461018581294221,112.9611889718806,4.000250170106677,1.425866177592622,216.3582688375277,9.671113135888442,9.122535775785572,246.84813714422376,9.077955048185993,10.071209519552172
50,3,2,14.0,3.5,0,1,6.85742119688911,0.6175275402465644,4.12684052372891,0.4695434564590406,65.1623274453238,2.624669142479248,0.8369051012639943,87.39163609024344,3.7270885716909157,3.133191447274605,192.79627939421167,6.537689501101673,3.3999529088620877
50,3,2,5.0,2.0,0,1,19.757805076924814,1.7792386408114294,9.191682386843892,1.0458107827953167,112.93648887199421,3.9992452045776843,1.425780405075602,216.28236308435092,9.66809175294807,9.119818891962087,246.80865248366834,9.075966647046,10.06835561781724
50,3,2,1.0,6.0,0,1,13.358547831588808,1.202969884283821,6.396273127458871,0.7277548467051942,77.5786471371388,2.654367072773299,1.289408372954306,136.51252307708984,6.418351453049071,6.125301016580669,204.45971570270302,7.145684118708916,6.802465658752368
50,3,2,7.0,14.0,0,1,12.94699515860711,1.1659085601312986,9.057540216856621,1.0305483616306075,740.7443590750242,23.42745851580382,0.1656099545154941,78.03987808304497,2.5463849333096396,0.4398327058592397,259.2658178134882,8.200828826312915,0.20541580457105563
50,3,2,1.5,20.0,0,1,9.751045048808567,0.8781054409427097,5.118024581684154,0.5823183470523113,153.40632864310592,5.156637117890121,1.1085895493564153,97.95611279651067,4.265254906106131,4.061634507332576,196.0993491182619,6.729145739383503,3.9559891152251683
50,3,2,1.0,14.0,0,1,11.196732214799068,1.0082931039063234,5.807054451898529,0.6607147534566103,46.72698040514335,2.104714200003372,1.2081503627119208,121.7447220463875,5.576389836291195,5.3253262273767525,196.176982266123,6.828429513527776,5.648005374088639
50,3,2,18.0,8.0,0,1,19.40538015457832,1.7475019151284645,12.672338579647423,1.4418327104945738,1142.5885469068821,36.131971800131566,0.06540398236510425,188.27511052244608,5.954229685310903,0.05927083292877661,263.70996832849335,8.339241441009372,0.002196702291359265
50,3,2,16.0,16.0,0,1,26.093116990165285,2.349748963883452,16.720109234687023,1.9023797593549525,1571.4613273565685,49.69524525500995,0.264733129325077,268.6831004024274,8.49707790756821,0.08467375718119319,263.71004083837045,8.33924370962739,0.00030043397212686784
50,3,2,1.5,2.0,0,1,19.761597007686532,1.7795801134450675,9.193474341567786,1.046014667731029,112.9537917543609,3.9999491628910255,1.425840530922231,216.33553698404876,9.670208152088247,9.121721915261027,246.83631021243204,9.07735943129728,10.070354689654906
50,3,2,12.0,12.0,0,1,18.19324505142952,1.638346186290696,11.986424698337144,1.3637908349212833,1069.0939145197801,33.80826643444995,0.07983375003531101,166.81152029022127,5.278198871800429,0.13984765737511917,263.5204009365468,8.333254222493085,0.012847845638226163
50,3,2,8.0,2.5,0,1,19.321149429834016,1.739916732481651,8.984555547153517,1.0222443155004335,110.89017771379577,3.9157484578437516,1.4206082499348127,210.18368132031782,9.423627587221942,8.900681030933276,243.62372944056114,8.916122449398571,9.836993546223521
50,3,2,14.0,2.5,0,1,18.99535616104809,1.7105782522970694,8.831517945728855,1.0048320108746642,109.34983849291817,3.8524771758147867,1.4161413972546493,205.64890193648125,9.243317529180608,8.738840590787525,241.26364600217767,8.798962626011878,9.664924980195156
50,3,2,4.0,1.0,0,1,19.763222334332117,1.779726478082258,9.194242458454992,1.0461020624961306,112.96120618620505,4.0002508634076515,1.4258662752010098,216.358322627188,9.671115256932975,9.122537687391521,246.8481647132931,9.077956452488458,10.071211532400266
50,3,2,14.0,14.0,0,1,22.322780458088065,2.0102209434066522,14.443208072396049,1.6433186118232093,1341.0899228791263,42.410094213376766,0.20180525091557788,229.07736687500764,7.244801680780038,0.10168470535713081,263.7069529530258,8.33914609744495,0.001659157186458371
50,3,2,20.0,4.5,0,1,11.789240511853265,1.0616499243130306,8.26594422993021,0.9404821926852943,633.8774409223216,20.045231018164586,0.03951815127146885,39.634651724182504,1.304249622400406,0.23899391605629283,261.17120225122295,8.259749024354873,0.12161279861409147
50,3,2,20.0,3.0,0,1,12.15458399845111,1.094549998283435,5.954958003561995,0.6775429164232474,68.79248860603192,2.3833706098387752,1.215890073543334,125.44565532024194,5.913048410646852,5.62392137702593,198.5259424485311,6.914372017340529,6.24055421066279
50,3,2,12.0,18.0,0,1,22.629217325032197,2.037816332292888,14.64343040921097,1.666099498932323,1361.2024342546551,43.04695362340516,0.26228919776441106,231.11592048243693,7.31020426355947,0.15667047842583065,263.66368945306465,8.337778814070935,0.004744847956177134
50,3,2,1.0,3.0,0,1,19.30745050953924,1.7386831112250911,8.976846157712773,1.0213671569709526,110.81301038732323,3.912232639794205,1.421673318943295,209.97314821540704,9.41453488702152,8.892650215016346,243.49989394655034,8.910464763417687,9.828662476240765
50,3,2,14.0,12.0,0,1,20.378393569747594,1.835124151482996,13.27056636555048,1.5098978418529698,1213.2457220199963,38.36653308406508,0.09043107372342396,202.5483027811444,6.4060597658584,0.09564833611534368,263.69328694287924,8.338714041736246,0.0030589202200403953
50,3,2,0.0,18.0,0,1,19.763222334332117,1.779726478082258,9.194242458454992,1.0461020624961306,112.96120618620505,4.0002508634076515,1.4258662752010098,216.358322627188,9.671115256932975,9.122537687391521,246.8481647132931,9.077956452488458,10.071211532400266
50,3,2,5.0,14.0,0,1,9.551370148505876,0.8601242281088187,7.1065272954128815,0.8085661102052017,523.4466252139323,16.56446961246644,0.30793620024964463,37.141399233925256,1.37515067857406,0.8880274065299116,248.94002259258343,7.891669498215204,0.6397092474806252
50,3,2,1.5,12.0,0,1,9.071515736139169,0.8169121653760086,4.92849094065834,0.5607535978426387,61.909061872607694,2.6748832920261227,1.0551039139422886,100.22785993093916,4.505592626999205,4.2036974077948495,188.87444390048353,6.594823909241364,4.43733492899794
50,3,2,18.0,0.5,0,1,19.763222334332117,1.779726478082258,9.194242458454992,1.0461020624961306,112.96120618620505,4.0002508634076515,1.4258662752010098,216.358322627188,9.671115256932975,9.122537687391521,246.8481647132931,9.077956452488458,10.071211532400266
50,3,2,16.0,4.5,0,1,9.559145400060563,0.8608244085162206,7.004090543290776,0.7969110665020855,493.08884727623376,15.593954395988167,0.08933768374745932,16.215211882742054,0.5842519551900308,0.399791525496476,256.41197022154347,8.113111419364254,0.3048572392729794
50,3,2,1.0,16.0,0,1,11.170005973318725,1.005886340534565,5.812575950668686,0.6613429782698703,47.78119466296638,2.3497963335286607,1.219923842438258,122.31633515284963,5.529915037384206,5.294402929615355,196.217733579221,6.8288070733078206,5.530311971574434
50,3,2,1.5,14.0,0,1,9.2342959149163,0.8315709183554435,4.964903605586683,0.5648965562271536,91.09164371030658,3.3780280332127073,1.0553777191364622,98.38533610114294,4.405778031906929,4.137815309417666,190.65714130004187,6.634546006654421,4.260028634669325
50,3,2,18.0,12.0,0,1,24.292718250035858,2.1876186566537448,15.609091785604857,1.775970471128574,1461.2641364614033,46.2104339085544,0.25274561764374415,253.3614245519211,8.012285238344337,0.06043221218356032,263.71127160809027,8.339282630545181,0.0004723849168595251
50,3,2,4.0,20.0,0,1,9.769312812679557,0.8797504977308467,7.23020843294697,0.8226382965382146,541.821134645144,17.15734178730271,0.49449676240806983,55.041743878763725,1.9829117913500072,1.2855682419824064,244.3865448443168,7.765599090402274,0.890674203908743
50,3,2,10.0,7.0,0,1,11.06130563981961,0.9960976098087726,7.864109759996755,0.8947622902921544,589.8970560476323,18.654660861838746,0.05385898164625669,26.475570623899127,0.9463990682406261,0.2948905025690053,259.92365384485777,8.22102433394851,0.17146207494647342
50,3,2,14.0,16.0,0,1,23.92757216640365,2.1547363593029045,15.405097483436215,1.7527604175324962,1439.954805943584,45.536963067484415,0.26838626554360534,246.86755534693816,7.807375278782884,0.10773490015148379,263.70929993919447,8.33922029277386,0.0011757287446803044
50,3,2,10.0,6.0,0,1,9.808367436666924,0.883267462081398,7.149945820569712,0.8135061810073735,509.86118016149237,16.12419080822606,0.08144889682943912,15.698031298573843,0.5701358132768446,0.3847545642726531,257.1269965236932,8.134944746707362,0.2782102528389855
50,3,2,0.0,12.0,0,1,19.763222334332117,1.779726478082258,9.194242458454992,1.0461020624961306,112.96120618620505,4.0002508634076515,1.4258662752010098,216.358322627188,9.671115256932975,9.122537687391521,246.8481647132931,9.077956452488458,10.071211532400266
50,3,2,12.0,20.0,0,1,23.498522098938412,2.1160993520085842,15.17505658616031,1.7265868357299532,1416.0101303595504,44.78032788115853,0.2918181569214173,240.90370399004865,7.61968431881899,0.16201450132576933,263.673298098258,8.33808238858236,0.0037942577430489788
50,3,2,18.0,20.0,0,1,30.07701337375614,2.708508570989416,19.330655447065684,2.1994023568501335,1804.9510455284424,57.07827253603425,0.2226773919752647,296.04742078173166,9.362677613383207,0.08784498929700835,263.71154689901743,8.339291334930245,6.742523980851622e-05
50,3,2,4.0,3.0,0,1,17.99320049795898,1.6203316852855039,8.365167317648963,0.9517715922392913,104.44882606914987,3.6508952838189432,1.4051344569727886,191.83175929034107,8.69516692430648,8.245099272723548,234.05203868061903,8.448982925892127,9.136342188959107
50,3,2,20.0,0.5,0,1,19.763222334332117,1.779726478082258,9.194242458454992,1.0461020624961306,112.96120618620505,4.0002508634076515,1.4258662752010098,216.358322627188,9.671115256932975,9.122537687391521,246.8481647132931,9.077956452488458,10.071211532400266
50,3,2,16.0,8.0,0,1,17.72499826630084,1.596179418762977,11.704803494454248,1.3317485515514746,1031.9220163756506,32.632354380420075,0.07521754119386648,159.0612498300972,5.031285664897715,0.083539371338402,263.67929304376844,8.33827158535188,0.0053294184174763615
50,3,2,10.0,0.5,0,1,19.763222334332117,1.779726478082258,9.194242458454992,1.0461020624961306,112.96120618620505,4.0002508634076515,1.4258662752010098,216.358322627188,9.671115256932975,9.122537687391521,246.8481647132931,9.077956452488458,10.071211532400266
50,3,2,9.0,18.0,0,1,18.415082421106085,1.6583231836630148,12.161028633804666,1.3836569128323077,1093.577812891108,34.5841781537587,0.16664639058254282,171.20940040663442,5.424963744875306,0.29058906330740014,262.98088761863164,8.316272136495108,0.03843454725994122
50,3,2,1.5,3.5,0,1,17.58006395249293,1.5831277295443356,8.17451572195634,0.9300796444389778,102.35716214714782,3.564390687465685,1.4009472960862115,186.23532540703076,8.471934714660199,8.043649405639425,231.10969140680862,8.309573593868928,8.918242692047153
50,3,2,14.0,7.0,0,1,14.915109647135457,1.3431420804488035,10.030904643918426,1.1412957711437588,837.8103911372514,26.493959436810265,0.02485369495819212,102.57644583187314,3.2502190962256305,0.1344015257197721,263.31362816240267,8.326739817580384,0.026750252975613842
50,3,2,3.0,5.0,0,1,7.955810403721064,0.7164401730940287,4.482549407872616,0.5100152842395599,39.06131984684095,2.1384496569363423,0.9748674841945127,96.15648066685242,4.215083879291683,3.7654479932912386,186.35173730377545,6.4853899354103115,4.118062055196412
50,3,2,5.0,18.0,0,1,11.13522696587687,1.002754405904747,8.11641773907929,0.9234693750242686,639.3770705813879,20.2301629769862,0.3437750157344506,62.423059731338306,2.144273938696046,0.8640823810158205,252.38470470869754,7.993779151912581,0.518406470158224
50,3,2,0.0,14.0,0,1,19.763222334332117,1.779726478082258,9.194242458454992,1.0461020624961306,112.96120618620505,4.0002508634076515,1.4258662752010098,216.358322627188,9.671115256932975,9.122537687391521,246.8481647132931,9.077956452488458,10.071211532400266
50,3,2,0.5,7.0,0,1,15.90580737841795,1.4323568326947742,7.435833059031242,0.8460338450479175,93.0935510503551,3.1977815176076425,1.372636859310687,164.99125723336792,7.611529346884718,7.256389714353186,219.71837854603223,7.7898130824203395,8.054176554386398
50,3,2,9.0,10.0,0,1,12.609219722429174,1.1354910564852783,8.77418036336654,0.9983082582720121,698.7531289991373,22.097090526839256,0.06468655935362655,61.4572085335478,1.987536979847614,0.276237967285835,261.099544540182,8.257512632279122,0.12398689239258653
50,3,2,6.0,12.0,0,1,10.038418738091089,0.9039841440847483,7.343822162915812,0.8355650338725111,545.3960525936626,17.25257170559338,0.2039648580683009,31.093252269239912,1.1389407494830641,0.6288381625910734,253.33085888733524,8.020500247112388,0.44318905099725014
50,3,2,14.0,9.0,0,1,16.99950656596183,1.5308471178416208,11.297723561639275,1.2854318311427235,985.8790492741193,31.176406821637148,0.08906636313128846,145.94886978137774,4.617756666604087,0.10559456301753223,263.60391364602674,8.335890276219734,0.01055188256051387
50,3,2,4.0,8.0,0,1,5.865005946004116,0.5281581211622874,4.359053681421198,0.4959641935995165,203.58918463786566,6.517187018750154,0.48871330599187757,62.473182571285164,2.5563468606971633,1.6527731550053915,221.4560755850161,7.150576221457485,1.6850380503030908
50,3,2,8.0,3.5,0,1,10.304586820034812,0.9279532304534576,5.2863446348683905,0.6014694577165254,53.49313075406168,2.0529893501778735,1.1300869184338318,111.93689248297586,5.153802399080757,4.836802240705557,190.32548768900878,6.639218690359448,5.346978712502412
50,3,2,12.0,10.0,0,1,16.09820407647058,1.4496826256260733,10.753252364516825,1.2234830142768212,924.5251224138271,29.23629426868472,0.06440275016460895,128.26162063545257,4.061459566457848,0.1428429892040256,263.347504984059,8.327804450148827,0.02303171161233286
50,3,2,12.0,2.0,0,1,19.750223045010443,1.778555860304921,9.188099852930979,1.0454031694294308,112.90186858735959,3.9978372871368757,1.4256599900662774,216.17602254760442,9.66386030056847,9.116014165189313,246.7533541972793,9.073182434295314,10.064358713589066
50,3,2,8.0,14.0,0,1,14.596254580683429,1.314428402343308,9.94804259143706,1.1318678966456586,841.0887604476864,26.599587667528517,0.1325360325091749,105.24070609068606,3.3619379112913004,0.33756044280454744,261.3916487026778,8.266606529921582,0.11294010648273267
50,3,2,4.0,10.0,0,1,6.4882474768519165,0.5842825443927786,4.864314430123619,0.5534517260095286,266.9134903281777,8.488980957979011,0.4465169298637732,52.734251077452214,2.14006952165788,1.4828998752708942,228.5964054520205,7.331089507169234,1.4229595049061872
50,3,2,3.0,0.5,0,1,19.763222334332117,1.779726478082258,9.194242458454992,1.0461020624961306,112.96120618620505,4.0002508634076515,1.4258662752010098,216.358322627188,9.671115256932975,9.122537687391521,246.8481647132931,9.077956452488458,10.071211532400266
50,3,2,3.0,2.0,0,1,19.759971816864535,1.779433761039123,9.192706308295282,1.0459272824794368,112.94637681518084,3.9996474661472505,1.4258147711912963,216.31275317884456,9.66930115649917,9.12090628479833,246.82445661651047,9.076762481785723,10.069497896025728
50,3,2,5.0,20.0,0,1,11.66838580541517,1.050766662595376,8.462970643408095,0.9628994541874526,679.3663655321288,21.494821601015023,0.36010932501763815,72.26228831647862,2.4549976308727413,0.8624873003486633,253.33991670769458,8.022297088872344,0.48318611011320206
50,3,2,6.0,10.0,0,1,8.695024480258388,0.7830082075333913,6.504840272039337,0.7401073938974319,447.682154661832,14.163541553775213,0.21047414226774452,25.600450862417947,0.9534750730488952,0.6851124647978436,250.07460648313818,7.923048658736075,0.5577493091370753
50,3,2,12.0,0.5,0,1,19.763222334332117,1.779726478082258,9.194242458454992,1.0461020624961306,112.96120618620505,4.0002508634076515,1.4258662752010098,216.358322627188,9.671115256932975,9.122537687391521,246.8481647132931,9.077956452488458,10.071211532400266
50,3,2,6.0,6.0,0,1,6.298792016682012,0.5672216171220319,4.892912975583653,0.5567056098966802,265.6940039483438,8.43152063038663,0.3308182989260724,52.73409748769183,2.1318043684898513,1.1667848106310204,234.46599308805241,7.479112169649621,1.140395154056375
50,3,2,14.0,6.0,0,1,13.382467987614135,1.2051239528014928,9.1570205759259,1.0418670329915667,736.2756874067095,23.28319535671943,0.035339862139311506,71.2961182386972,2.270790373312928,0.17705208771329395,262.66091325055794,8.306248820594455,0.05942691787474097
50,3,2,9.0,7.0,0,1,10.011170952185527,0.9015304143626977,7.271511706781011,0.8273376983802772,523.9839330305148,16.570761861082726,0.07926036299318096,15.939828864635778,0.5961760652608894,0.3750855678481835,257.57551610131225,8.14868845450785,0.26181318651201724
50,3,2,1.0,12.0,0,1,11.314660005096455,1.0189127896713008,5.8162811619299735,0.6617645496130159,49.64536839661136,2.0073607285612503,1.207250022651173,121.71601169984802,5.648046832449713,5.3811063816093725,196.3132666635231,6.83618429904762,5.803278320709743
50,3,2,3.0,7.0,0,1,6.270845249697894,0.5647049424453509,3.973307614438626,0.45207479671949896,103.21391596188667,3.5858462801824227,0.7431529374200976,80.17838168970752,3.350961797922115,2.630396063041739,199.970122709586,6.670959388288328,2.8052535652652466
50,3,2,7.0,5.0,0,1,5.916037856634499,0.5327536694509005,4.574987746793365,0.5205327289812729,229.22765619890254,7.296478629886703,0.39445835366931714,58.36716733432392,2.3723537486887216,1.3688642072702846,228.38127357940823,7.3193399512261585,1.3864923052606906
50,3,2,0.5,6.0,0,1,16.314686768190594,1.4691774211600652,7.607334165059059,0.8655468893848203,95.65682016607853,3.2943458385710773,1.381606663928092,169.78609927866316,7.811334136288293,7.4407163391656885,222.35218031426564,7.908100663881386,8.259711800644247
50,3,2,6.0,2.0,0,1,19.75672178173985,1.779141087432145,9.191170481899805,1.0457525392999736,112.93154430675273,3.9990440737486312,1.4257632156603037,216.26716836603768,9.667487107480076,9.119275253074276,246.80075108151968,9.07556878466206,10.067784529973459
50,3,2,18.0,4.0,0,1,7.422967918486811,0.6684564048817383,5.648603928038015,0.6426865776103612,345.86111866960664,10.945939919038597,0.20336778834385982,38.9969742893556,1.559926033950715,0.7745457002015328,245.33928284622317,7.783624083059783,0.7205379651915342
50,3,2,6.0,14.0,0,1,11.24177358460567,1.012349189351188,8.111148640492395,0.9228698677865432,634.1173714369784,20.058267494311337,0.2254519970378186,52.103212084143294,1.80135963557223,0.6102164344756047,255.47422752837784,8.085282844674255,0.3659643238785409
50,3,2,4.0,7.0,0,1,5.781022235753065,0.5205951827743641,4.15873586471422,0.47317244298397915,175.01014021454773,5.643883723995209,0.53412632815049,67.22245639460466,2.755912807404046,1.8206061758863217,216.42415519131725,7.033572127684056,1.892019241501497
50,3,2,5.0,0.5,0,1,19.763222334332117,1.779726478082258,9.194242458454992,1.0461020624961306,112.96120618620505,4.0002508634076515,1.4258662752010098,216.358322627188,9.671115256932975,9.122537687391521,246.8481647132931,9.077956452488458,10.071211532400266
50,3,2,1.5,5.0,0,1,12.498328712979308,1.1255050500354922,6.064702880033333,0.6900294635361611,71.40422351609142,2.468676663749176,1.2514293421657556,128.0754409511829,6.040243754950613,5.752790673920435,199.89370200793462,6.969761149508693,6.38457032178987
50,3,2,3.0,1.0,0,1,19.763222334332117,1.779726478082258,9.194242458454992,1.0461020624961306,112.96120618620505,4.0002508634076515,1.4258662752010098,216.358322627188,9.671115256932975,9.122537687391521,246.8481647132931,9.077956452488458,10.071211532400266
50,3,2,8.0,4.5,0,1,5.697668698352068,0.5130889929919079,4.290820345704695,0.4882007445120515,193.5750338669005,6.199074481290104,0.4686441434451094,63.89134533942867,2.6121194521901905,1.6138076318254542,221.38158391722027,7.14666418359332,1.6747607600673422
50,3,2,0.0,7.0,0,1,19.763222334332117,1.779726478082258,9.194242458454992,1.0461020624961306,112.96120618620505,4.0002508634076515,1.4258662752010098,216.358322627188,9.671115256932975,9.122537687391521,246.8481647132931,9.077956452488458,10.071211532400266
50,3,2,9.0,3.5,0,1,9.496177170989775,0.8551539655763284,5.010390488480031,0.5700719605333011,47.16022161150548,1.9701977943980842,1.0801191436717001,106.58485886167793,4.836957469664676,4.489986342508933,187.6810141645168,6.5589285197217,4.951869357590071
50,3,2,9.0,9.0,0,1,11.734338595350044,1.0567058725361853,8.257545399590148,0.9395265909833603,637.698916119042,20.166433676915013,0.06370884566796065,42.308785996292926,1.4090400264847434,0.2945798405114693,260.359989874808,8.234548066416291,0.1546000448962146
50,3,2,10.0,18.0,0,1,19.927775733851156,1.7945449139237521,13.028630168096361,1.4823708371766375,1189.5457260512283,37.6182434925964,0.16243269785696546,193.98036042749834,6.139631673098926,0.2326077756184236,263.37461957527114,8.328658197204998,0.018415495273125138
50,3,2,7.0,4.0,0,1,6.884455984415576,0.6199620889439496,4.127882281508045,0.46966198552397437,65.74187805112894,2.650085810768499,0.8444075906483296,87.47222635260889,3.7298647238699285,3.138488330993059,192.807832428759,6.537002539544463,3.402799113388517
50,3,2,10.0,14.0,0,1,17.438204909378598,1.5703529759684771,11.591834210463992,1.3188951379597718,1026.8553700767854,32.47325824681489,0.11606251856319405,155.06494997091642,4.91152636191485,0.21327994988944382,263.13102305289925,8.320990283108237,0.0316873753563528
50,3,2,2.0,8.0,0,1,7.801964692736487,0.7025859907776664,4.436354465041525,0.5047593183249286,46.1538066261778,2.3349044719790584,0.9630390675488547,94.31342253977586,4.1161760022560765,3.6646076018992955,187.99681298920868,6.499533137968871,3.9767557474021484
50,3,2,3.0,18.0,0,1,8.291020747473711,0.7466266838973442,5.70650256020866,0.649274165310283,365.59012901647327,11.618496859085294,0.6755455191620161,56.496604122415874,2.262775291023946,1.9977831065561233,227.11733496937129,7.32218920151848,1.6719063853846037
50,3,2,0.5,3.5,0,1,19.0117230579099,1.712052131364776,8.835900597960517,1.0053306600629428,109.396094700401,3.85345316542104,1.4196592816501399,205.82571921924125,9.248495726688134,8.743845591185357,241.31747086695756,8.802983211538107,9.670679765062815
50,3,2,16.0,9.0,0,1,18.88891134100426,1.7009926360710346,12.369006541134938,1.4073202128589188,1108.8267172817052,35.064365532892865,0.06590385227891904,179.1153044133771,5.664940339086071,0.07409704654988924,263.69924559381104,8.338902366164337,0.002749205092571705
50,3,2,5.0,9.0,0,1,6.964705100508197,0.6271887179995074,5.335531986082493,0.6070658937237656,318.09332093197884,10.080557104259487,0.3128816487425512,43.68278617491549,1.7648521257895673,1.0714801714881128,238.7420405781525,7.597712411735531,0.9892814273155881
50,3,2,1.0,8.0,0,1,12.252198265445603,1.1033404016230208,5.9981785339766,0.6824604597894567,67.4809757023232,2.372399714498955,1.2478059025252601,126.56084890017159,5.95441797470594,5.66902910427946,198.9265214001262,6.934064592818185,6.272281082908988
