,L1,L2,cfl,convolutionmagnitude,convolutiontoscattering,convolutionwidth,dim1flag,nx,ny,periodicXflag,periodicYflag,quadratureorder,quadraturetype,rotationmagnitude,testcaseid,whichrank
0,25.42212702559531,11.092909965633705,0.95,0.5,0.0,6.0,0.0,200.0,200.0,0.0,0.0,4.0,3.0,0.0,1.0,0.0
1,17.68588833508787,7.841786117176306,0.95,1.0,0.0,12.0,0.0,200.0,200.0,0.0,0.0,4.0,3.0,0.0,1.0,0.0
2,26.762750418614115,20.291730738775176,0.95,18.0,0.0,20.0,0.0,200.0,200.0,0.0,0.0,4.0,3.0,0.0,1.0,0.0
3,18.26039860637559,14.629454020375787,0.95,12.0,0.0,20.0,0.0,200.0,200.0,0.0,0.0,4.0,3.0,0.0,1.0,0.0
4,1.875133323816034,0.5651942879663691,0.95,4.0,0.0,9.0,0.0,280.0,280.0,0.0,0.0,4.0,3.0,0.0,2.0,0.0
5,1.4792826925380231,0.26202352504164195,0.95,1.0,0.0,14.0,0.0,280.0,280.0,0.0,0.0,4.0,3.0,0.0,2.0,0.0
6,8.142108429004496,5.561160049036344,0.95,8.0,0.0,9.0,0.0,200.0,200.0,0.0,0.0,4.0,3.0,0.0,1.0,0.0
7,1.6395795046817125,0.2663957842929955,0.95,20.0,0.0,3.0,0.0,280.0,280.0,0.0,0.0,4.0,3.0,0.0,2.0,0.0
8,30.10732914601838,13.322438365388425,0.95,0.5,0.0,2.0,0.0,200.0,200.0,0.0,0.0,4.0,3.0,0.0,1.0,0.0
9,1.9678777986748397,0.364892950912342,0.95,5.0,0.0,2.5,0.0,280.0,280.0,0.0,0.0,4.0,3.0,0.0,2.0,0.0
10,1.9939591135858015,0.37137414255916107,0.95,0.0,0.0,20.0,0.0,280.0,280.0,0.0,0.0,4.0,3.0,0.0,2.0,0.0
11,5.091957353802917,1.9138451785393447,0.95,18.0,0.0,7.0,0.0,280.0,280.0,0.0,0.0,4.0,3.0,0.0,2.0,0.0
12,1.5757252839659435,0.44780914369188396,0.95,3.0,0.0,10.0,0.0,280.0,280.0,0.0,0.0,4.0,3.0,0.0,2.0,0.0
13,23.51302418450731,10.012789207591883,0.95,5.0,0.0,3.5,0.0,200.0,200.0,0.0,0.0,4.0,3.0,0.0,1.0,0.0
14,1.187922628579492,0.2725774138597518,0.95,0.0,0.0,0.0,0.0,280.0,280.0,0.0,0.0,6.0,2.0,4.0,2.0,0.0
15,7.008771088433947,3.6044090215919264,0.95,9.0,0.0,4.5,0.0,200.0,200.0,0.0,0.0,4.0,3.0,0.0,1.0,0.0
16,13.622736709256412,5.92494602777859,0.95,2.0,0.0,7.0,0.0,200.0,200.0,0.0,0.0,4.0,3.0,0.0,1.0,0.0
17,1.9938767002064077,0.37135460001712683,0.95,0.5,0.0,2.0,0.0,280.0,280.0,0.0,0.0,4.0,3.0,0.0,2.0,0.0
18,6.270504301502069,3.6233364285249583,0.95,10.0,0.0,4.5,0.0,200.0,200.0,0.0,0.0,4.0,3.0,0.0,1.0,0.0
19,1.9724010608793905,0.3661685744699174,0.95,4.0,0.0,2.5,0.0,280.0,280.0,0.0,0.0,4.0,3.0,0.0,2.0,0.0
20,6.854681977287785,2.760891234597856,0.95,20.0,0.0,12.0,0.0,280.0,280.0,0.0,0.0,4.0,3.0,0.0,2.0,0.0
21,1.403274718565161,0.4171662663114167,0.95,6.0,0.0,4.5,0.0,280.0,280.0,0.0,0.0,4.0,3.0,0.0,2.0,0.0
22,30.095822587804793,13.31594635139927,0.95,7.0,0.0,2.0,0.0,200.0,200.0,0.0,0.0,4.0,3.0,0.0,1.0,0.0
23,6.9456867997413445,2.808770316995267,0.95,12.0,0.0,20.0,0.0,280.0,280.0,0.0,0.0,4.0,3.0,0.0,2.0,0.0
24,2.232210911451872,0.7012304138547467,0.95,5.0,0.0,9.0,0.0,280.0,280.0,0.0,0.0,4.0,3.0,0.0,2.0,0.0
25,1.992478004768494,0.37102274651174144,0.95,9.0,0.0,2.0,0.0,280.0,280.0,0.0,0.0,4.0,3.0,0.0,2.0,0.0
26,1.9939591135858015,0.37137414255916107,0.95,0.0,0.0,5.0,0.0,280.0,280.0,0.0,0.0,4.0,3.0,0.0,2.0,0.0
27,2.12580941689442,0.6644440703041086,0.95,5.0,0.0,8.0,0.0,280.0,280.0,0.0,0.0,4.0,3.0,0.0,2.0,0.0
28,7.584877896161687,4.922752775970792,0.95,16.0,0.0,4.5,0.0,200.0,200.0,0.0,0.0,4.0,3.0,0.0,1.0,0.0
29,5.9891019294533985,3.953710839226497,0.95,0.0,0.0,0.0,0.0,100.0,100.0,0.0,0.0,4.0,2.0,10.0,1.0,0.0
30,1.9937943031314818,0.3713350600176139,0.95,1.0,0.0,2.0,0.0,280.0,280.0,0.0,0.0,4.0,3.0,0.0,2.0,0.0
31,30.07692481499009,13.30566848313834,0.95,0.5,0.0,2.5,0.0,200.0,200.0,0.0,0.0,4.0,3.0,0.0,1.0,0.0
32,19.5983273347183,8.193641175907988,0.95,9.0,0.0,3.5,0.0,200.0,200.0,0.0,0.0,4.0,3.0,0.0,1.0,0.0
33,6.206126585110703,3.961033092223735,0.95,18.0,0.0,4.0,0.0,200.0,200.0,0.0,0.0,4.0,3.0,0.0,1.0,0.0
34,30.108214732374094,13.322938113130391,0.95,0.0,0.0,14.0,0.0,200.0,200.0,0.0,0.0,4.0,3.0,0.0,1.0,0.0
35,1.992642391119414,0.3710617523662123,0.95,8.0,0.0,2.0,0.0,280.0,280.0,0.0,0.0,4.0,3.0,0.0,2.0,0.0
36,6.23487182476708,3.901713568847881,0.95,5.0,0.0,10.0,0.0,200.0,200.0,0.0,0.0,4.0,3.0,0.0,1.0,0.0
37,3.0243215359218225,1.0140092940428154,0.95,7.0,0.0,10.0,0.0,280.0,280.0,0.0,0.0,4.0,3.0,0.0,2.0,0.0
38,1.5950017996314336,0.30083139746129506,0.95,1.5,0.0,6.0,0.0,280.0,280.0,0.0,0.0,4.0,3.0,0.0,2.0,0.0
39,7.0306069460739895,4.446644264247772,0.95,14.0,0.0,4.5,0.0,200.0,200.0,0.0,0.0,4.0,3.0,0.0,1.0,0.0
40,5.956833405372576,3.561244244770101,0.95,6.0,0.0,6.0,0.0,200.0,200.0,0.0,0.0,4.0,3.0,0.0,1.0,0.0
41,20.49734740491544,8.596243386045426,0.95,8.0,0.0,3.5,0.0,200.0,200.0,0.0,0.0,4.0,3.0,0.0,1.0,0.0
42,1.9412268773832486,0.35525659060593545,0.95,2.0,0.0,3.0,0.0,280.0,280.0,0.0,0.0,4.0,3.0,0.0,2.0,0.0
43,1.9939591135858015,0.37137414255916107,0.95,0.0,0.0,18.0,0.0,280.0,280.0,0.0,0.0,4.0,3.0,0.0,2.0,0.0
44,30.079909350965206,13.306972181237771,0.95,16.0,0.0,2.0,0.0,200.0,200.0,0.0,0.0,4.0,3.0,0.0,1.0,0.0
45,30.10113191439222,13.318941582096812,0.95,4.0,0.0,2.0,0.0,200.0,200.0,0.0,0.0,4.0,3.0,0.0,1.0,0.0
46,10.40542086635051,8.26409620978091,0.95,9.0,0.0,14.0,0.0,200.0,200.0,0.0,0.0,4.0,3.0,0.0,1.0,0.0
47,8.957685616523422,6.177843350569743,0.95,12.0,0.0,6.0,0.0,200.0,200.0,0.0,0.0,4.0,3.0,0.0,1.0,0.0
48,10.54332522614792,7.963077305466694,0.95,14.0,0.0,7.0,0.0,200.0,200.0,0.0,0.0,4.0,3.0,0.0,1.0,0.0
49,1.5988771301028948,0.5211792332202853,0.95,6.0,0.0,5.0,0.0,280.0,280.0,0.0,0.0,4.0,3.0,0.0,2.0,0.0
50,15.356581070761878,5.754294702358431,0.95,0.0,0.0,0.0,0.0,100.0,100.0,0.0,0.0,6.0,2.0,0.0,1.0,0.0
51,25.58744035956735,11.046320319756514,0.95,1.5,0.0,4.0,0.0,200.0,200.0,0.0,0.0,4.0,3.0,0.0,1.0,0.0
52,12.581385334013722,5.544828707060919,0.95,2.0,0.0,8.0,0.0,200.0,200.0,0.0,0.0,4.0,3.0,0.0,1.0,0.0
53,8.001064952321801,3.792994730181818,0.95,8.0,0.0,4.5,0.0,200.0,200.0,0.0,0.0,4.0,3.0,0.0,1.0,0.0
54,2.187986078472201,0.733503604434959,0.95,9.0,0.0,5.0,0.0,280.0,280.0,0.0,0.0,4.0,3.0,0.0,2.0,0.0
55,0.0,0.0,0.95,0.0,0.0,0.0,0.0,280.0,280.0,0.0,0.0,15.0,3.0,0.0,2.0,0.0
56,1.8390446676134726,0.32914444328632947,0.95,1.5,0.0,4.0,0.0,280.0,280.0,0.0,0.0,4.0,3.0,0.0,2.0,0.0
57,2.7391388043388143,0.9452844418859679,0.95,16.0,0.0,4.5,0.0,280.0,280.0,0.0,0.0,4.0,3.0,0.0,2.0,0.0
58,18.738247676677478,7.820852129253552,0.95,10.0,0.0,3.5,0.0,200.0,200.0,0.0,0.0,4.0,3.0,0.0,1.0,0.0
59,9.585148319602974,7.098924727467554,0.95,10.0,0.0,10.0,0.0,200.0,200.0,0.0,0.0,4.0,3.0,0.0,1.0,0.0
60,30.072843946339304,13.30298890351405,0.95,20.0,0.0,2.0,0.0,200.0,200.0,0.0,0.0,4.0,3.0,0.0,1.0,0.0
61,4.829422107249182,1.830207420541155,0.95,7.0,0.0,20.0,0.0,280.0,280.0,0.0,0.0,4.0,3.0,0.0,2.0,0.0
62,28.905986860540363,12.67156319520882,0.95,20.0,0.0,2.5,0.0,200.0,200.0,0.0,0.0,4.0,3.0,0.0,1.0,0.0
63,29.494832534039773,12.987372249432294,0.95,10.0,0.0,2.5,0.0,200.0,200.0,0.0,0.0,4.0,3.0,0.0,1.0,0.0
64,5.210468598288823,1.9766233051746207,0.95,16.0,0.0,9.0,0.0,280.0,280.0,0.0,0.0,4.0,3.0,0.0,2.0,0.0
65,1.4814018159878344,0.3318790671425591,0.95,7.0,0.0,4.0,0.0,280.0,280.0,0.0,0.0,4.0,3.0,0.0,2.0,0.0
66,2.964157800907755,0.9956337403925958,0.95,6.0,0.0,12.0,0.0,280.0,280.0,0.0,0.0,4.0,3.0,0.0,2.0,0.0
67,8.311805824344484,3.4552908282808,0.95,16.0,0.0,20.0,0.0,280.0,280.0,0.0,0.0,4.0,3.0,0.0,2.0,0.0
68,11.750337379126929,9.619098603981255,0.95,16.0,0.0,8.0,0.0,200.0,200.0,0.0,0.0,4.0,3.0,0.0,1.0,0.0
69,29.87973454558479,13.199439746153287,0.95,0.5,0.0,3.0,0.0,200.0,200.0,0.0,0.0,4.0,3.0,0.0,1.0,0.0
70,17.905446410892818,14.434071254466685,0.95,20.0,0.0,12.0,0.0,200.0,200.0,0.0,0.0,4.0,3.0,0.0,1.0,0.0
71,1.6252867730139005,0.2903509030763727,0.95,1.0,0.0,7.0,0.0,280.0,280.0,0.0,0.0,4.0,3.0,0.0,2.0,0.0
72,23.564047590929118,10.35103406495036,0.95,0.5,0.0,10.0,0.0,200.0,200.0,0.0,0.0,4.0,3.0,0.0,1.0,0.0
73,3.639806264034679,1.2719871575721475,0.95,9.0,0.0,10.0,0.0,280.0,280.0,0.0,0.0,4.0,3.0,0.0,2.0,0.0
74,29.138627659521454,12.79563964507889,0.95,16.0,0.0,2.5,0.0,200.0,200.0,0.0,0.0,4.0,3.0,0.0,1.0,0.0
75,29.921462042237334,13.220102254009173,0.95,3.0,0.0,2.5,0.0,200.0,200.0,0.0,0.0,4.0,3.0,0.0,1.0,0.0
76,6.628218221344165,4.146340347147059,0.95,6.0,0.0,8.0,0.0,200.0,200.0,0.0,0.0,4.0,3.0,0.0,1.0,0.0
77,23.407977906303646,9.929389642742171,0.95,18.0,0.0,3.0,0.0,200.0,200.0,0.0,0.0,4.0,3.0,0.0,1.0,0.0
78,21.20703635415581,9.020488250248128,0.95,2.0,0.0,4.5,0.0,200.0,200.0,0.0,0.0,4.0,3.0,0.0,1.0,0.0
79,1.9606137666783148,0.36237287145192215,0.95,7.0,0.0,2.5,0.0,280.0,280.0,0.0,0.0,4.0,3.0,0.0,2.0,0.0
80,4.988897722552994,1.8702740515468825,0.95,16.0,0.0,8.0,0.0,280.0,280.0,0.0,0.0,4.0,3.0,0.0,2.0,0.0
81,4.004966682245642,1.4582743890408163,0.95,6.0,0.0,18.0,0.0,280.0,280.0,0.0,0.0,4.0,3.0,0.0,2.0,0.0
82,13.014565318241074,10.623543813938923,0.95,12.0,0.0,14.0,0.0,200.0,200.0,0.0,0.0,4.0,3.0,0.0,1.0,0.0
83,6.483606702966387,1.5829379547349371,0.95,0.0,0.0,0.0,0.0,280.0,280.0,0.0,0.0,4.0,2.0,0.0,2.0,0.0
84,6.590889603874356,4.220434264980399,0.95,20.0,0.0,4.0,0.0,200.0,200.0,0.0,0.0,4.0,3.0,0.0,1.0,0.0
85,22.445062252732082,9.502603076465236,0.95,6.0,0.0,3.5,0.0,200.0,200.0,0.0,0.0,4.0,3.0,0.0,1.0,0.0
86,7.012165017871989,4.5522053318419164,0.95,6.0,0.0,10.0,0.0,200.0,200.0,0.0,0.0,4.0,3.0,0.0,1.0,0.0
87,7.9190546302475955,5.2851924878669045,0.95,8.0,0.0,8.0,0.0,200.0,200.0,0.0,0.0,4.0,3.0,0.0,1.0,0.0
88,3.488248590067934,1.2054151410616218,0.95,9.0,0.0,9.0,0.0,280.0,280.0,0.0,0.0,4.0,3.0,0.0,2.0,0.0
89,9.026845493762702,6.402770392595235,0.95,10.0,0.0,8.0,0.0,200.0,200.0,0.0,0.0,4.0,3.0,0.0,1.0,0.0
90,30.106443625582948,13.321938668211482,0.95,1.0,0.0,2.0,0.0,200.0,200.0,0.0,0.0,4.0,3.0,0.0,1.0,0.0
91,1.7083576619622887,0.31684500764281015,0.95,1.5,0.0,5.0,0.0,280.0,280.0,0.0,0.0,4.0,3.0,0.0,2.0,0.0
92,11.56604021319249,9.42965835248174,0.95,8.0,0.0,18.0,0.0,200.0,200.0,0.0,0.0,4.0,3.0,0.0,1.0,0.0
93,21.075846118848236,16.602213112787997,0.95,14.0,0.0,20.0,0.0,200.0,200.0,0.0,0.0,4.0,3.0,0.0,1.0,0.0
94,5.814483527732972,3.6094923089802298,0.95,4.0,0.0,12.0,0.0,200.0,200.0,0.0,0.0,4.0,3.0,0.0,1.0,0.0
95,6.276977456289231,4.054350567609166,0.95,3.0,0.0,18.0,0.0,200.0,200.0,0.0,0.0,4.0,3.0,0.0,1.0,0.0
96,8.964468159861818,6.543384566543306,0.95,8.0,0.0,12.0,0.0,200.0,200.0,0.0,0.0,4.0,3.0,0.0,1.0,0.0
97,26.35129679909556,11.388551990214818,0.95,9.0,0.0,3.0,0.0,200.0,200.0,0.0,0.0,4.0,3.0,0.0,1.0,0.0
98,1.3474622067299857,0.3507945112253174,0.95,18.0,0.0,3.5,0.0,280.0,280.0,0.0,0.0,4.0,3.0,0.0,2.0,0.0
99,12.720900700149746,10.365918846923213,0.95,8.0,0.0,20.0,0.0,200.0,200.0,0.0,0.0,4.0,3.0,0.0,1.0,0.0
100,11.270779709692508,8.934469458113886,0.95,16.0,0.0,7.0,0.0,200.0,200.0,0.0,0.0,4.0,3.0,0.0,1.0,0.0
101,1.9561828958262237,0.3604191925968326,0.95,0.5,0.0,3.5,0.0,280.0,280.0,0.0,0.0,4.0,3.0,0.0,2.0,0.0
102,6.580252479257606,3.2154984648332725,0.95,4.0,0.0,7.0,0.0,200.0,200.0,0.0,0.0,4.0,3.0,0.0,1.0,0.0
103,1.4437250563905022,0.30552329756402685,0.95,1.0,0.0,20.0,0.0,280.0,280.0,0.0,0.0,4.0,3.0,0.0,2.0,0.0
104,7.916077453147716,4.344586079761629,0.95,2.0,0.0,20.0,0.0,200.0,200.0,0.0,0.0,4.0,3.0,0.0,1.0,0.0
105,6.279850571813321,3.255313283228946,0.95,5.0,0.0,6.0,0.0,200.0,200.0,0.0,0.0,4.0,3.0,0.0,1.0,0.0
106,18.65395601713471,14.966722610212676,0.95,18.0,0.0,14.0,0.0,200.0,200.0,0.0,0.0,4.0,3.0,0.0,1.0,0.0
107,1.879458177663271,0.3343433071706539,0.95,5.0,0.0,3.0,0.0,280.0,280.0,0.0,0.0,4.0,3.0,0.0,2.0,0.0
108,6.284580925429177,2.4860156007638854,0.95,20.0,0.0,10.0,0.0,280.0,280.0,0.0,0.0,4.0,3.0,0.0,2.0,0.0
109,13.180316648991981,5.569896488667262,0.95,8.0,0.0,4.0,0.0,200.0,200.0,0.0,0.0,4.0,3.0,0.0,1.0,0.0
110,1.311467029430715,0.3409023396368307,0.95,2.0,0.0,12.0,0.0,280.0,280.0,0.0,0.0,4.0,3.0,0.0,2.0,0.0
111,4.325561181267671,1.6054890184071222,0.95,6.0,0.0,20.0,0.0,280.0,280.0,0.0,0.0,4.0,3.0,0.0,2.0,0.0
112,3.3906942781916745,1.195636148925376,0.95,16.0,0.0,5.0,0.0,280.0,280.0,0.0,0.0,4.0,3.0,0.0,2.0,0.0
113,2.9945551817315184,1.0454818796704546,0.95,18.0,0.0,4.5,0.0,280.0,280.0,0.0,0.0,4.0,3.0,0.0,2.0,0.0
114,1.2540250680327856,0.3059852647918237,0.95,2.0,0.0,10.0,0.0,280.0,280.0,0.0,0.0,4.0,3.0,0.0,2.0,0.0
115,1.9906721137033334,0.3705943500707579,0.95,20.0,0.0,2.0,0.0,280.0,280.0,0.0,0.0,4.0,3.0,0.0,2.0,0.0
116,8.265923602269455,5.50304752233718,0.95,14.0,0.0,5.0,0.0,200.0,200.0,0.0,0.0,4.0,3.0,0.0,1.0,0.0
117,28.519416465847204,12.501266081894478,0.95,0.5,0.0,4.0,0.0,200.0,200.0,0.0,0.0,4.0,3.0,0.0,1.0,0.0
118,29.35331241946803,12.922472401716162,0.95,0.5,0.0,3.5,0.0,200.0,200.0,0.0,0.0,4.0,3.0,0.0,1.0,0.0
119,10.859974212258965,4.744629916105054,0.95,10.0,0.0,4.0,0.0,200.0,200.0,0.0,0.0,4.0,3.0,0.0,1.0,0.0
120,4.435428420779449,1.6348141765775048,0.95,9.0,0.0,14.0,0.0,280.0,280.0,0.0,0.0,4.0,3.0,0.0,2.0,0.0
121,30.108214732374094,13.322938113130391,0.95,0.0,0.0,3.0,0.0,200.0,200.0,0.0,0.0,4.0,3.0,0.0,1.0,0.0
122,1.3863901687696283,0.4192339632575788,0.95,10.0,0.0,4.0,0.0,280.0,280.0,0.0,0.0,4.0,3.0,0.0,2.0,0.0
123,0.6784015564775167,0.1545619365688248,0.95,0.0,0.0,0.0,0.0,280.0,280.0,0.0,0.0,12.0,2.0,8.0,2.0,0.0
124,1.4440682247794918,0.26939269101530466,0.95,1.5,0.0,8.0,0.0,280.0,280.0,0.0,0.0,4.0,3.0,0.0,2.0,0.0
125,1.9831090303952823,0.3687505658196054,0.95,2.0,0.0,2.5,0.0,280.0,280.0,0.0,0.0,4.0,3.0,0.0,2.0,0.0
126,0.48017743323150647,0.10413067842559648,0.95,0.0,0.0,0.0,0.0,280.0,280.0,0.0,0.0,12.0,2.0,4.0,2.0,0.0
127,3.852111011616143,1.3703537315561818,0.95,14.0,0.0,6.0,0.0,280.0,280.0,0.0,0.0,4.0,3.0,0.0,2.0,0.0
128,2.2897645787760843,0.7352302744462844,0.95,6.0,0.0,7.0,0.0,280.0,280.0,0.0,0.0,4.0,3.0,0.0,2.0,0.0
129,30.07637610873512,13.304980108828074,0.95,18.0,0.0,2.0,0.0,200.0,200.0,0.0,0.0,4.0,3.0,0.0,1.0,0.0
130,6.710060789980275,4.3428086570021,0.95,5.0,0.0,12.0,0.0,200.0,200.0,0.0,0.0,4.0,3.0,0.0,1.0,0.0
131,1.6649714132104947,0.27297662532717715,0.95,18.0,0.0,3.0,0.0,280.0,280.0,0.0,0.0,4.0,3.0,0.0,2.0,0.0
132,7.59536855641652,3.6242421820894934,0.95,3.0,0.0,9.0,0.0,200.0,200.0,0.0,0.0,4.0,3.0,0.0,1.0,0.0
133,4.887015881363857,1.834906709788169,0.95,12.0,0.0,12.0,0.0,280.0,280.0,0.0,0.0,4.0,3.0,0.0,2.0,0.0
134,28.349659328507162,12.392029322694645,0.95,4.0,0.0,3.0,0.0,200.0,200.0,0.0,0.0,4.0,3.0,0.0,1.0,0.0
135,8.4239147565727,2.923003916748668,0.95,0.0,0.0,0.0,0.0,100.0,100.0,0.0,0.0,8.0,2.0,0.0,1.0,0.0
136,11.805501969402458,5.04199778750072,0.95,4.0,0.0,5.0,0.0,200.0,200.0,0.0,0.0,4.0,3.0,0.0,1.0,0.0
137,1.6949910997806243,0.30767742450296925,0.95,1.0,0.0,6.0,0.0,280.0,280.0,0.0,0.0,4.0,3.0,0.0,2.0,0.0
138,10.934636877762848,8.56962769950027,0.95,14.0,0.0,8.0,0.0,200.0,200.0,0.0,0.0,4.0,3.0,0.0,1.0,0.0
139,1.8246652266195675,0.329223530385482,0.95,0.5,0.0,6.0,0.0,280.0,280.0,0.0,0.0,4.0,3.0,0.0,2.0,0.0
140,2.6242045276738217,1.7751431518523524,0.95,0.0,0.0,0.0,0.0,100.0,100.0,0.0,0.0,6.0,2.0,10.0,1.0,0.0
141,1.5295717801343434,0.3377265430123584,0.95,3.0,0.0,5.0,0.0,280.0,280.0,0.0,0.0,4.0,3.0,0.0,2.0,0.0
142,8.481837677033708,5.84693010524596,0.95,9.0,0.0,8.0,0.0,200.0,200.0,0.0,0.0,4.0,3.0,0.0,1.0,0.0
143,6.40579911495913,2.5467198337608044,0.95,18.0,0.0,12.0,0.0,280.0,280.0,0.0,0.0,4.0,3.0,0.0,2.0,0.0
144,1.9858084513893728,0.36940253630959735,0.95,1.5,0.0,2.5,0.0,280.0,280.0,0.0,0.0,4.0,3.0,0.0,2.0,0.0
145,1.490453670026534,0.4620870769017936,0.95,4.0,0.0,6.0,0.0,280.0,280.0,0.0,0.0,4.0,3.0,0.0,2.0,0.0
146,14.938014902578999,6.5760082974519785,0.95,1.5,0.0,9.0,0.0,200.0,200.0,0.0,0.0,4.0,3.0,0.0,1.0,0.0
147,17.16033652187104,7.15484437565016,0.95,12.0,0.0,3.5,0.0,200.0,200.0,0.0,0.0,4.0,3.0,0.0,1.0,0.0
148,30.108214732374094,13.322938113130391,0.95,0.0,0.0,2.0,0.0,200.0,200.0,0.0,0.0,4.0,3.0,0.0,1.0,0.0
149,2.687812258192198,0.8793107103606659,0.95,6.0,0.0,10.0,0.0,280.0,280.0,0.0,0.0,4.0,3.0,0.0,2.0,0.0
150,2.404594461723148,0.7825109237823465,0.95,4.0,0.0,14.0,0.0,280.0,280.0,0.0,0.0,4.0,3.0,0.0,2.0,0.0
151,11.19349590590753,8.717142508967962,0.95,18.0,0.0,6.0,0.0,200.0,200.0,0.0,0.0,4.0,3.0,0.0,1.0,0.0
152,1.9939591135858015,0.37137414255916107,0.95,0.0,0.0,9.0,0.0,280.0,280.0,0.0,0.0,4.0,3.0,0.0,2.0,0.0
153,1.7806881923875282,0.3179925245581796,0.95,0.5,0.0,7.0,0.0,280.0,280.0,0.0,0.0,4.0,3.0,0.0,2.0,0.0
154,1.9937119239401357,0.37131552249430344,0.95,1.5,0.0,2.0,0.0,280.0,280.0,0.0,0.0,4.0,3.0,0.0,2.0,0.0
155,6.404683053487244,3.2776745485545455,0.95,3.0,0.0,12.0,0.0,200.0,200.0,0.0,0.0,4.0,3.0,0.0,1.0,0.0
156,12.984923722707453,10.64500566774926,0.95,18.0,0.0,8.0,0.0,200.0,200.0,0.0,0.0,4.0,3.0,0.0,1.0,0.0
157,5.426019434195571,2.08463660657584,0.95,14.0,0.0,12.0,0.0,280.0,280.0,0.0,0.0,4.0,3.0,0.0,2.0,0.0
158,11.334055811284086,5.115778183243214,0.95,2.0,0.0,10.0,0.0,200.0,200.0,0.0,0.0,4.0,3.0,0.0,1.0,0.0
159,1.9198815602249362,0.3478828630078676,0.95,3.0,0.0,3.0,0.0,280.0,280.0,0.0,0.0,4.0,3.0,0.0,2.0,0.0
160,1.5529441389615126,0.2726379211225028,0.95,10.0,0.0,3.5,0.0,280.0,280.0,0.0,0.0,4.0,3.0,0.0,2.0,0.0
161,29.580664777404415,22.030479473070745,0.95,20.0,0.0,20.0,0.0,200.0,200.0,0.0,0.0,4.0,3.0,0.0,1.0,0.0
162,21.44339429437533,9.031538244508237,0.95,7.0,0.0,3.5,0.0,200.0,200.0,0.0,0.0,4.0,3.0,0.0,1.0,0.0
163,1.823130760622519,0.31660432564391155,0.95,8.0,0.0,3.0,0.0,280.0,280.0,0.0,0.0,4.0,3.0,0.0,2.0,0.0
164,30.09228438833378,13.313950612880653,0.95,9.0,0.0,2.0,0.0,200.0,200.0,0.0,0.0,4.0,3.0,0.0,1.0,0.0
165,3.4482594670201805,1.2019199188904313,0.95,12.0,0.0,6.0,0.0,280.0,280.0,0.0,0.0,4.0,3.0,0.0,2.0,0.0
166,19.010942609392636,15.189666240459877,0.95,14.0,0.0,18.0,0.0,200.0,200.0,0.0,0.0,4.0,3.0,0.0,1.0,0.0
167,5.865888528627401,2.2873688290200893,0.95,18.0,0.0,10.0,0.0,280.0,280.0,0.0,0.0,4.0,3.0,0.0,2.0,0.0
168,14.414285114178965,6.085792071609519,0.95,16.0,0.0,3.5,0.0,200.0,200.0,0.0,0.0,4.0,3.0,0.0,1.0,0.0
169,27.21298955574631,11.824202593122102,0.95,2.0,0.0,3.5,0.0,200.0,200.0,0.0,0.0,4.0,3.0,0.0,1.0,0.0
170,7.4463570699296,5.128852658067207,0.95,4.0,0.0,18.0,0.0,200.0,200.0,0.0,0.0,4.0,3.0,0.0,1.0,0.0
171,1.9358214561636609,0.35386289165576773,0.95,14.0,0.0,2.5,0.0,280.0,280.0,0.0,0.0,4.0,3.0,0.0,2.0,0.0
172,29.73708488711247,13.119138657143411,0.95,6.0,0.0,2.5,0.0,200.0,200.0,0.0,0.0,4.0,3.0,0.0,1.0,0.0
173,11.958273374507323,5.122045010610671,0.95,9.0,0.0,4.0,0.0,200.0,200.0,0.0,0.0,4.0,3.0,0.0,1.0,0.0
174,2.894717382564943,0.9605349114034746,0.95,7.0,0.0,9.0,0.0,280.0,280.0,0.0,0.0,4.0,3.0,0.0,2.0,0.0
175,8.4239147565727,2.923003916748668,0.95,0.0,0.0,0.0,0.0,100.0,100.0,0.0,0.0,8.0,2.0,0.0,1.0,0.0
176,30.045701110255376,13.288450957134915,0.95,1.0,0.0,2.5,0.0,200.0,200.0,0.0,0.0,4.0,3.0,0.0,1.0,0.0
177,1.4349183363258387,0.3867370118026321,0.95,4.0,0.0,5.0,0.0,280.0,280.0,0.0,0.0,4.0,3.0,0.0,2.0,0.0
178,11.530484246829669,5.576629375326705,0.95,1.5,0.0,18.0,0.0,200.0,200.0,0.0,0.0,4.0,3.0,0.0,1.0,0.0
179,1.77469661121832,0.30785938442481425,0.95,4.0,0.0,3.5,0.0,280.0,280.0,0.0,0.0,4.0,3.0,0.0,2.0,0.0
180,25.28186449890308,10.858312500863422,0.95,12.0,0.0,3.0,0.0,200.0,200.0,0.0,0.0,4.0,3.0,0.0,1.0,0.0
181,16.09745646067222,6.713679517967194,0.95,6.0,0.0,4.0,0.0,200.0,200.0,0.0,0.0,4.0,3.0,0.0,1.0,0.0
182,5.792337872056419,2.243832672156482,0.95,20.0,0.0,8.0,0.0,280.0,280.0,0.0,0.0,4.0,3.0,0.0,2.0,0.0
183,1.5101153762942296,0.30936007781043645,0.95,2.0,0.0,6.0,0.0,280.0,280.0,0.0,0.0,4.0,3.0,0.0,2.0,0.0
184,27.572593292436473,12.046965727862615,0.95,0.5,0.0,4.5,0.0,200.0,200.0,0.0,0.0,4.0,3.0,0.0,1.0,0.0
185,15.356581070761878,5.754294702358431,0.95,0.0,0.0,0.0,0.0,100.0,100.0,0.0,0.0,6.0,2.0,0.0,1.0,0.0
186,1.5760975085557885,0.276776380394172,0.95,1.0,0.0,8.0,0.0,280.0,280.0,0.0,0.0,4.0,3.0,0.0,2.0,0.0
187,29.37512424514821,12.922688621720138,0.95,12.0,0.0,2.5,0.0,200.0,200.0,0.0,0.0,4.0,3.0,0.0,1.0,0.0
188,1.7271056625276902,0.30342406954597206,0.95,0.5,0.0,9.0,0.0,280.0,280.0,0.0,0.0,4.0,3.0,0.0,2.0,0.0
189,1.9939591135858015,0.37137414255916107,0.95,0.0,0.0,10.0,0.0,280.0,280.0,0.0,0.0,4.0,3.0,0.0,2.0,0.0
190,1.9939591135858015,0.37137414255916107,0.95,0.0,0.0,4.5,0.0,280.0,280.0,0.0,0.0,4.0,3.0,0.0,2.0,0.0
191,5.11169767865827,1.922577578784704,0.95,0.0,0.0,0.0,0.0,100.0,100.0,0.0,0.0,6.0,2.0,4.0,1.0,0.0
192,8.164037250046619,5.458311808687102,0.95,9.0,0.0,7.0,0.0,200.0,200.0,0.0,0.0,4.0,3.0,0.0,1.0,0.0
193,1.4594491010520287,0.4684259906815521,0.95,7.0,0.0,4.5,0.0,280.0,280.0,0.0,0.0,4.0,3.0,0.0,2.0,0.0
194,19.39222485171137,8.458978015905428,0.95,1.0,0.0,8.0,0.0,200.0,200.0,0.0,0.0,4.0,3.0,0.0,1.0,0.0
195,2.1815087009035494,0.9436346250471499,0.95,0.0,0.0,0.0,0.0,100.0,100.0,0.0,0.0,16.0,2.0,0.0,1.0,0.0
196,4.215271068983531,1.6144119142819833,0.95,0.0,0.0,0.0,0.0,280.0,280.0,0.0,0.0,4.0,2.0,10.0,2.0,0.0
197,4.477636248686847,1.6662487832983255,0.95,7.0,0.0,18.0,0.0,280.0,280.0,0.0,0.0,4.0,3.0,0.0,2.0,0.0
198,1.4457838476947855,0.40778302905565633,0.95,3.0,0.0,8.0,0.0,280.0,280.0,0.0,0.0,4.0,3.0,0.0,2.0,0.0
199,4.553300660793659,1.6720797482946166,0.95,14.0,0.0,8.0,0.0,280.0,280.0,0.0,0.0,4.0,3.0,0.0,2.0,0.0
200,1.9951235507028473,0.6634401783928214,0.95,8.0,0.0,5.0,0.0,280.0,280.0,0.0,0.0,4.0,3.0,0.0,2.0,0.0
201,1.9933003193974173,0.3712178712295226,0.95,4.0,0.0,2.0,0.0,280.0,280.0,0.0,0.0,4.0,3.0,0.0,2.0,0.0
202,29.256372176351764,12.858787254657909,0.95,14.0,0.0,2.5,0.0,200.0,200.0,0.0,0.0,4.0,3.0,0.0,1.0,0.0
203,8.893565209975664,3.7314991865672225,0.95,20.0,0.0,18.0,0.0,280.0,280.0,0.0,0.0,4.0,3.0,0.0,2.0,0.0
204,15.882302161651245,12.917604165047209,0.95,20.0,0.0,10.0,0.0,200.0,200.0,0.0,0.0,4.0,3.0,0.0,1.0,0.0
205,7.1467383979455175,2.9011996820662174,0.95,14.0,0.0,18.0,0.0,280.0,280.0,0.0,0.0,4.0,3.0,0.0,2.0,0.0
206,8.35250786234705,3.473261925413072,0.95,18.0,0.0,18.0,0.0,280.0,280.0,0.0,0.0,4.0,3.0,0.0,2.0,0.0
207,23.669293980499283,10.214130638152502,0.95,1.0,0.0,5.0,0.0,200.0,200.0,0.0,0.0,4.0,3.0,0.0,1.0,0.0
208,23.093613421433552,10.180990282455697,0.95,0.5,0.0,12.0,0.0,200.0,200.0,0.0,0.0,4.0,3.0,0.0,1.0,0.0
209,11.697418497093519,9.520782592214998,0.95,14.0,0.0,10.0,0.0,200.0,200.0,0.0,0.0,4.0,3.0,0.0,1.0,0.0
210,4.2794996438842485,1.5508616859668418,0.95,12.0,0.0,9.0,0.0,280.0,280.0,0.0,0.0,4.0,3.0,0.0,2.0,0.0
211,6.360888779586789,4.075551690069865,0.95,4.0,0.0,14.0,0.0,200.0,200.0,0.0,0.0,4.0,3.0,0.0,1.0,0.0
212,24.643683000973294,10.566324493213921,0.95,4.0,0.0,3.5,0.0,200.0,200.0,0.0,0.0,4.0,3.0,0.0,1.0,0.0
213,3.3407205289054605,1.1447708255154012,0.95,8.0,0.0,10.0,0.0,280.0,280.0,0.0,0.0,4.0,3.0,0.0,2.0,0.0
214,1.9642360753975736,0.3636279038500418,0.95,6.0,0.0,2.5,0.0,280.0,280.0,0.0,0.0,4.0,3.0,0.0,2.0,0.0
215,6.672020554408901,3.792308411445111,0.95,16.0,0.0,4.0,0.0,200.0,200.0,0.0,0.0,4.0,3.0,0.0,1.0,0.0
216,3.1200350962083867,1.0579202628173088,0.95,9.0,0.0,7.0,0.0,280.0,280.0,0.0,0.0,4.0,3.0,0.0,2.0,0.0
217,1.7620483105737155,0.5600670412610744,0.95,5.0,0.0,6.0,0.0,280.0,280.0,0.0,0.0,4.0,3.0,0.0,2.0,0.0
218,4.957281352565622,1.862358676462119,0.95,14.0,0.0,10.0,0.0,280.0,280.0,0.0,0.0,4.0,3.0,0.0,2.0,0.0
219,29.859737681105646,13.186237682857188,0.95,4.0,0.0,2.5,0.0,200.0,200.0,0.0,0.0,4.0,3.0,0.0,1.0,0.0
220,15.506164226049224,7.2131492411777005,0.95,1.0,0.0,20.0,0.0,200.0,200.0,0.0,0.0,4.0,3.0,0.0,1.0,0.0
221,1.359690353991953,0.39083332844967766,0.95,3.0,0.0,7.0,0.0,280.0,280.0,0.0,0.0,4.0,3.0,0.0,2.0,0.0
222,13.744944398684533,11.23681695604304,0.95,18.0,0.0,9.0,0.0,200.0,200.0,0.0,0.0,4.0,3.0,0.0,1.0,0.0
223,1.4017910122737647,0.45114223919366886,0.95,5.0,0.0,5.0,0.0,280.0,280.0,0.0,0.0,4.0,3.0,0.0,2.0,0.0
224,15.728969861263572,6.581050159688044,0.95,14.0,0.0,3.5,0.0,200.0,200.0,0.0,0.0,4.0,3.0,0.0,1.0,0.0
225,4.2325314693680385,1.5334317195679827,0.95,16.0,0.0,6.0,0.0,280.0,280.0,0.0,0.0,4.0,3.0,0.0,2.0,0.0
226,24.65192627302559,10.775152677975996,0.95,0.5,0.0,7.0,0.0,200.0,200.0,0.0,0.0,4.0,3.0,0.0,1.0,0.0
227,2.3301092656994395,0.768482040567476,0.95,3.0,0.0,18.0,0.0,280.0,280.0,0.0,0.0,4.0,3.0,0.0,2.0,0.0
228,1.992806816563561,0.37110076790601293,0.95,7.0,0.0,2.0,0.0,280.0,280.0,0.0,0.0,4.0,3.0,0.0,2.0,0.0
229,17.013448419147608,7.626021305044153,0.95,1.0,0.0,14.0,0.0,200.0,200.0,0.0,0.0,4.0,3.0,0.0,1.0,0.0
230,1.4398383709374314,0.2942818641552171,0.95,14.0,0.0,3.5,0.0,280.0,280.0,0.0,0.0,4.0,3.0,0.0,2.0,0.0
231,7.055557446156676,2.8565105076058277,0.95,18.0,0.0,14.0,0.0,280.0,280.0,0.0,0.0,4.0,3.0,0.0,2.0,0.0
232,2.1219826007895177,1.0161672361288356,0.95,0.0,0.0,0.0,0.0,100.0,100.0,0.0,0.0,10.0,2.0,10.0,1.0,0.0
233,24.237039750167543,10.401873383776383,0.95,2.0,0.0,4.0,0.0,200.0,200.0,0.0,0.0,4.0,3.0,0.0,1.0,0.0
234,26.734694582932413,11.576597391997131,0.95,8.0,0.0,3.0,0.0,200.0,200.0,0.0,0.0,4.0,3.0,0.0,1.0,0.0
235,30.108214732374094,13.322938113130391,0.95,0.0,0.0,7.0,0.0,200.0,200.0,0.0,0.0,4.0,3.0,0.0,1.0,0.0
236,8.976443568412012,6.6199431959270445,0.95,7.0,0.0,14.0,0.0,200.0,200.0,0.0,0.0,4.0,3.0,0.0,1.0,0.0
237,1.7490371593036724,0.30945279702604117,0.95,0.5,0.0,8.0,0.0,280.0,280.0,0.0,0.0,4.0,3.0,0.0,2.0,0.0
238,14.03943524964367,11.443103052156516,0.95,10.0,0.0,18.0,0.0,200.0,200.0,0.0,0.0,4.0,3.0,0.0,1.0,0.0
239,1.4940551629887406,0.2779707985637765,0.95,12.0,0.0,3.5,0.0,280.0,280.0,0.0,0.0,4.0,3.0,0.0,2.0,0.0
240,7.538691229841127,3.0871500719457865,0.95,20.0,0.0,14.0,0.0,280.0,280.0,0.0,0.0,4.0,3.0,0.0,2.0,0.0
241,1.9923136538283788,0.3709837504238205,0.95,10.0,0.0,2.0,0.0,280.0,280.0,0.0,0.0,4.0,3.0,0.0,2.0,0.0
242,3.594463196248358,1.2503128583407854,0.95,10.0,0.0,8.0,0.0,280.0,280.0,0.0,0.0,4.0,3.0,0.0,2.0,0.0
243,1.988516194687564,0.3700571158807793,0.95,1.0,0.0,2.5,0.0,280.0,280.0,0.0,0.0,4.0,3.0,0.0,2.0,0.0
244,2.784363699901303,0.9380154935735123,0.95,9.0,0.0,6.0,0.0,280.0,280.0,0.0,0.0,4.0,3.0,0.0,2.0,0.0
245,1.8053624196089813,0.3112718631049856,0.95,9.0,0.0,3.0,0.0,280.0,280.0,0.0,0.0,4.0,3.0,0.0,2.0,0.0
246,5.300847912502914,2.0441768452852864,0.95,8.0,0.0,20.0,0.0,280.0,280.0,0.0,0.0,4.0,3.0,0.0,2.0,0.0
247,14.57000134497052,6.09672247150889,0.95,7.0,0.0,4.0,0.0,200.0,200.0,0.0,0.0,4.0,3.0,0.0,1.0,0.0
248,2.580593897451258,0.8455077959639289,0.95,7.0,0.0,7.0,0.0,280.0,280.0,0.0,0.0,4.0,3.0,0.0,2.0,0.0
249,1.8996708394330777,0.3418663652585486,0.95,1.5,0.0,3.5,0.0,280.0,280.0,0.0,0.0,4.0,3.0,0.0,2.0,0.0
250,1.9916566140140677,0.3708278837650683,0.95,14.0,0.0,2.0,0.0,280.0,280.0,0.0,0.0,4.0,3.0,0.0,2.0,0.0
251,15.387185648858877,6.599990371324194,0.95,2.0,0.0,6.0,0.0,200.0,200.0,0.0,0.0,4.0,3.0,0.0,1.0,0.0
252,18.85285854523749,8.255252543284337,0.95,1.0,0.0,9.0,0.0,200.0,200.0,0.0,0.0,4.0,3.0,0.0,1.0,0.0
253,1.5683520247718372,0.48925429625221895,0.95,12.0,0.0,4.0,0.0,280.0,280.0,0.0,0.0,4.0,3.0,0.0,2.0,0.0
254,3.0519688393122397,1.0250645120776902,0.95,8.0,0.0,8.0,0.0,280.0,280.0,0.0,0.0,4.0,3.0,0.0,2.0,0.0
255,8.259842127091186,5.818237288641431,0.95,7.0,0.0,12.0,0.0,200.0,200.0,0.0,0.0,4.0,3.0,0.0,1.0,0.0
256,16.765997026398374,13.571703713123341,0.95,16.0,0.0,14.0,0.0,200.0,200.0,0.0,0.0,4.0,3.0,0.0,1.0,0.0
257,1.4007337531687973,0.2618727708562358,0.95,1.5,0.0,9.0,0.0,280.0,280.0,0.0,0.0,4.0,3.0,0.0,2.0,0.0
258,1.8337440489183117,0.571831308076799,0.95,2.0,0.0,20.0,0.0,280.0,280.0,0.0,0.0,4.0,3.0,0.0,2.0,0.0
259,3.7633134119822524,1.3232888216093213,0.95,10.0,0.0,9.0,0.0,280.0,280.0,0.0,0.0,4.0,3.0,0.0,2.0,0.0
260,1.1824005394238177,0.22771959300108294,0.95,0.0,0.0,0.0,0.0,280.0,280.0,0.0,0.0,10.0,2.0,0.0,2.0,0.0
261,30.108214732374094,13.322938113130391,0.95,0.0,0.0,6.0,0.0,200.0,200.0,0.0,0.0,4.0,3.0,0.0,1.0,0.0
262,2.293837282166532,0.7531263225491781,0.95,7.0,0.0,6.0,0.0,280.0,280.0,0.0,0.0,4.0,3.0,0.0,2.0,0.0
263,9.590013811244907,4.630764051410339,0.95,2.0,0.0,14.0,0.0,200.0,200.0,0.0,0.0,4.0,3.0,0.0,1.0,0.0
264,10.408993412533796,4.836793009206813,0.95,2.0,0.0,12.0,0.0,200.0,200.0,0.0,0.0,4.0,3.0,0.0,1.0,0.0
265,24.634475842583015,10.530731502265294,0.95,14.0,0.0,3.0,0.0,200.0,200.0,0.0,0.0,4.0,3.0,0.0,1.0,0.0
266,6.826499855501238,4.228613989708008,0.95,10.0,0.0,5.0,0.0,200.0,200.0,0.0,0.0,4.0,3.0,0.0,1.0,0.0
267,13.091444046881556,10.684582643456471,0.95,16.0,0.0,10.0,0.0,200.0,200.0,0.0,0.0,4.0,3.0,0.0,1.0,0.0
268,20.558953314556774,16.314224818672795,0.95,20.0,0.0,14.0,0.0,200.0,200.0,0.0,0.0,4.0,3.0,0.0,1.0,0.0
269,1.3903930806161664,0.3196565391762483,0.95,16.0,0.0,3.5,0.0,280.0,280.0,0.0,0.0,4.0,3.0,0.0,2.0,0.0
270,7.08749328952735,3.473720135077713,0.95,3.0,0.0,10.0,0.0,200.0,200.0,0.0,0.0,4.0,3.0,0.0,1.0,0.0
271,1.8080272980900767,0.3626148163102206,0.95,0.0,0.0,0.0,0.0,280.0,280.0,0.0,0.0,8.0,2.0,0.0,2.0,0.0
272,8.51178024367867,6.2294773792718034,0.95,5.0,0.0,18.0,0.0,200.0,200.0,0.0,0.0,4.0,3.0,0.0,1.0,0.0
273,1.7154122263118206,0.30794301493922926,0.95,3.0,0.0,4.0,0.0,280.0,280.0,0.0,0.0,4.0,3.0,0.0,2.0,0.0
274,15.59308087117787,6.813994263774125,0.95,1.5,0.0,8.0,0.0,200.0,200.0,0.0,0.0,4.0,3.0,0.0,1.0,0.0
275,22.840353555901768,9.653036074350421,0.95,20.0,0.0,3.0,0.0,200.0,200.0,0.0,0.0,4.0,3.0,0.0,1.0,0.0
276,14.691774755814443,11.968403475021468,0.95,16.0,0.0,12.0,0.0,200.0,200.0,0.0,0.0,4.0,3.0,0.0,1.0,0.0
277,2.7583196917070754,0.9082204633892836,0.95,7.0,0.0,8.0,0.0,280.0,280.0,0.0,0.0,4.0,3.0,0.0,2.0,0.0
278,2.333277854997931,0.7401931329259545,0.95,5.0,0.0,10.0,0.0,280.0,280.0,0.0,0.0,4.0,3.0,0.0,2.0,0.0
279,15.921091678306507,7.315656692618014,0.95,1.0,0.0,18.0,0.0,200.0,200.0,0.0,0.0,4.0,3.0,0.0,1.0,0.0
280,1.9936295655735239,0.37129598732797703,0.95,2.0,0.0,2.0,0.0,280.0,280.0,0.0,0.0,4.0,3.0,0.0,2.0,0.0
281,5.930707053286,2.3215914239490623,0.95,16.0,0.0,12.0,0.0,280.0,280.0,0.0,0.0,4.0,3.0,0.0,2.0,0.0
282,10.247068938568724,7.96264727578798,0.95,10.0,0.0,12.0,0.0,200.0,200.0,0.0,0.0,4.0,3.0,0.0,1.0,0.0
283,4.593544294962966,1.6915238422705217,0.95,18.0,0.0,6.0,0.0,280.0,280.0,0.0,0.0,4.0,3.0,0.0,2.0,0.0
284,8.713360160060049,6.159334340969528,0.95,9.0,0.0,9.0,0.0,200.0,200.0,0.0,0.0,4.0,3.0,0.0,1.0,0.0
285,7.311852963009191,4.925924876325572,0.95,5.0,0.0,14.0,0.0,200.0,200.0,0.0,0.0,4.0,3.0,0.0,1.0,0.0
286,0.5516041600299477,0.09530679914047853,0.95,0.0,0.0,0.0,0.0,280.0,280.0,0.0,0.0,10.0,2.0,4.0,2.0,0.0
287,14.488302689821264,11.816705829966692,0.95,18.0,0.0,10.0,0.0,200.0,200.0,0.0,0.0,4.0,3.0,0.0,1.0,0.0
288,29.67620646268814,13.085891431522086,0.95,7.0,0.0,2.5,0.0,200.0,200.0,0.0,0.0,4.0,3.0,0.0,1.0,0.0
289,3.0144641020915515,1.0276205959244424,0.95,10.0,0.0,6.0,0.0,280.0,280.0,0.0,0.0,4.0,3.0,0.0,2.0,0.0
290,10.051323815563899,8.056128102128447,0.95,6.0,0.0,20.0,0.0,200.0,200.0,0.0,0.0,4.0,3.0,0.0,1.0,0.0
291,9.30792119688675,6.75058499222533,0.95,10.0,0.0,9.0,0.0,200.0,200.0,0.0,0.0,4.0,3.0,0.0,1.0,0.0
292,8.272785113533063,3.83936203566915,0.95,3.0,0.0,8.0,0.0,200.0,200.0,0.0,0.0,4.0,3.0,0.0,1.0,0.0
293,1.991233163920954,0.37071433471719084,0.95,0.5,0.0,2.5,0.0,280.0,280.0,0.0,0.0,4.0,3.0,0.0,2.0,0.0
294,24.082278450252147,18.618067758711035,0.95,18.0,0.0,18.0,0.0,200.0,200.0,0.0,0.0,4.0,3.0,0.0,1.0,0.0
295,1.42886114994386,0.3929928443687599,0.95,2.0,0.0,14.0,0.0,280.0,280.0,0.0,0.0,4.0,3.0,0.0,2.0,0.0
296,16.516208948327044,13.360718223679928,0.95,12.0,0.0,18.0,0.0,200.0,200.0,0.0,0.0,4.0,3.0,0.0,1.0,0.0
297,1.284774835135332,0.2971850452233138,0.95,2.0,0.0,9.0,0.0,280.0,280.0,0.0,0.0,4.0,3.0,0.0,2.0,0.0
298,1.7860121861891176,0.5370085896484795,0.95,4.0,0.0,8.0,0.0,280.0,280.0,0.0,0.0,4.0,3.0,0.0,2.0,0.0
299,11.878764087819258,5.298697541281346,0.95,2.0,0.0,9.0,0.0,200.0,200.0,0.0,0.0,4.0,3.0,0.0,1.0,0.0
300,30.08344369801886,13.308965019954016,0.95,14.0,0.0,2.0,0.0,200.0,200.0,0.0,0.0,4.0,3.0,0.0,1.0,0.0
301,1.3714866583340986,0.26045821815927966,0.95,1.5,0.0,10.0,0.0,280.0,280.0,0.0,0.0,4.0,3.0,0.0,2.0,0.0
302,1.9939591135858015,0.37137414255916107,0.95,0.0,0.0,4.0,0.0,280.0,280.0,0.0,0.0,4.0,3.0,0.0,2.0,0.0
303,5.904089965343685,3.5782563813439587,0.95,5.0,0.0,8.0,0.0,200.0,200.0,0.0,0.0,4.0,3.0,0.0,1.0,0.0
304,30.108214732374094,13.322938113130391,0.95,0.0,0.0,8.0,0.0,200.0,200.0,0.0,0.0,4.0,3.0,0.0,1.0,0.0
305,12.196137262734887,5.289758629803881,0.95,20.0,0.0,3.5,0.0,200.0,200.0,0.0,0.0,4.0,3.0,0.0,1.0,0.0
306,3.3018468054262873,1.1430568887193229,0.95,6.0,0.0,14.0,0.0,280.0,280.0,0.0,0.0,4.0,3.0,0.0,2.0,0.0
307,11.061707627561,5.486766694856795,0.95,1.5,0.0,20.0,0.0,200.0,200.0,0.0,0.0,4.0,3.0,0.0,1.0,0.0
308,8.949047688979334,6.137069526934551,0.95,16.0,0.0,5.0,0.0,200.0,200.0,0.0,0.0,4.0,3.0,0.0,1.0,0.0
309,1.6942969808697517,0.29435968946403923,0.95,0.5,0.0,12.0,0.0,280.0,280.0,0.0,0.0,4.0,3.0,0.0,2.0,0.0
310,7.301160988916004,4.717764740495924,0.95,7.0,0.0,8.0,0.0,200.0,200.0,0.0,0.0,4.0,3.0,0.0,1.0,0.0
311,2.937795930042821,1.0108688510608521,0.95,4.0,0.0,18.0,0.0,280.0,280.0,0.0,0.0,4.0,3.0,0.0,2.0,0.0
312,11.21137977064579,9.048165132091208,0.95,14.0,0.0,9.0,0.0,200.0,200.0,0.0,0.0,4.0,3.0,0.0,1.0,0.0
313,6.543162712240993,2.612568550140449,0.95,16.0,0.0,14.0,0.0,280.0,280.0,0.0,0.0,4.0,3.0,0.0,2.0,0.0
314,4.284824562097147,1.551242752697705,0.95,14.0,0.0,7.0,0.0,280.0,280.0,0.0,0.0,4.0,3.0,0.0,2.0,0.0
315,27.125927316391298,11.77069130213488,0.95,7.0,0.0,3.0,0.0,200.0,200.0,0.0,0.0,4.0,3.0,0.0,1.0,0.0
316,6.042116971483204,2.367481911847076,0.95,20.0,0.0,9.0,0.0,280.0,280.0,0.0,0.0,4.0,3.0,0.0,2.0,0.0
317,25.97969067894652,11.206324359566333,0.95,10.0,0.0,3.0,0.0,200.0,200.0,0.0,0.0,4.0,3.0,0.0,1.0,0.0
318,30.108214732374094,13.322938113130391,0.95,0.0,0.0,4.0,0.0,200.0,200.0,0.0,0.0,4.0,3.0,0.0,1.0,0.0
319,29.798276606098444,13.152587525900694,0.95,5.0,0.0,2.5,0.0,200.0,200.0,0.0,0.0,4.0,3.0,0.0,1.0,0.0
320,14.100730312961625,11.475170630771641,0.95,9.0,0.0,20.0,0.0,200.0,200.0,0.0,0.0,4.0,3.0,0.0,1.0,0.0
321,1.5193635467211906,0.2616948743271104,0.95,1.0,0.0,10.0,0.0,280.0,280.0,0.0,0.0,4.0,3.0,0.0,2.0,0.0
322,3.0111212267330774,0.6576921717166111,0.95,0.0,0.0,0.0,0.0,280.0,280.0,0.0,0.0,6.0,2.0,0.0,2.0,0.0
323,3.1846019956714247,1.1189337791957132,0.95,4.0,0.0,20.0,0.0,280.0,280.0,0.0,0.0,4.0,3.0,0.0,2.0,0.0
324,13.087695746518499,10.675188445667317,0.95,14.0,0.0,12.0,0.0,200.0,200.0,0.0,0.0,4.0,3.0,0.0,1.0,0.0
325,2.8568537992483156,0.9529749781247402,0.95,8.0,0.0,7.0,0.0,280.0,280.0,0.0,0.0,4.0,3.0,0.0,2.0,0.0
326,1.9939591135858015,0.37137414255916107,0.95,0.0,0.0,2.5,0.0,280.0,280.0,0.0,0.0,4.0,3.0,0.0,2.0,0.0
327,1.9939591135858015,0.37137414255916107,0.95,0.0,0.0,7.0,0.0,280.0,280.0,0.0,0.0,4.0,3.0,0.0,2.0,0.0
328,3.494513199545743,1.2402396302083267,0.95,5.0,0.0,18.0,0.0,280.0,280.0,0.0,0.0,4.0,3.0,0.0,2.0,0.0
329,10.629344764483784,8.32543649571501,0.95,12.0,0.0,10.0,0.0,200.0,200.0,0.0,0.0,4.0,3.0,0.0,1.0,0.0
330,5.510662742903337,3.2660949473434413,0.95,4.0,0.0,10.0,0.0,200.0,200.0,0.0,0.0,4.0,3.0,0.0,1.0,0.0
331,28.61973769494288,12.539994878986866,0.95,1.0,0.0,3.5,0.0,200.0,200.0,0.0,0.0,4.0,3.0,0.0,1.0,0.0
332,1.3716055905551043,0.3704815796668334,0.95,3.0,0.0,6.0,0.0,280.0,280.0,0.0,0.0,4.0,3.0,0.0,2.0,0.0
333,1.403849981240471,0.38643343809394154,0.95,1.5,0.0,18.0,0.0,280.0,280.0,0.0,0.0,4.0,3.0,0.0,2.0,0.0
334,25.881903702200585,11.168330614259553,0.95,3.0,0.0,3.5,0.0,200.0,200.0,0.0,0.0,4.0,3.0,0.0,1.0,0.0
335,1.974850072413502,0.36716239609792234,0.95,0.5,0.0,3.0,0.0,280.0,280.0,0.0,0.0,4.0,3.0,0.0,2.0,0.0
336,1.9929712765754273,0.3711397929576312,0.95,6.0,0.0,2.0,0.0,280.0,280.0,0.0,0.0,4.0,3.0,0.0,2.0,0.0
337,5.424516148919719,2.0796816263451157,0.95,16.0,0.0,10.0,0.0,280.0,280.0,0.0,0.0,4.0,3.0,0.0,2.0,0.0
338,3.8519575313626464,1.3304603664159143,0.95,0.0,0.0,0.0,0.0,280.0,280.0,0.0,0.0,4.0,2.0,8.0,2.0,0.0
339,1.9931357735120858,0.371178827361417,0.95,5.0,0.0,2.0,0.0,280.0,280.0,0.0,0.0,4.0,3.0,0.0,2.0,0.0
340,1.6068682620313548,0.5220203518128692,0.95,8.0,0.0,4.5,0.0,280.0,280.0,0.0,0.0,4.0,3.0,0.0,2.0,0.0
341,1.537265103824122,0.33660391702002856,0.95,4.0,0.0,4.5,0.0,280.0,280.0,0.0,0.0,4.0,3.0,0.0,2.0,0.0
342,23.111522546489258,9.912203685576998,0.95,1.5,0.0,4.5,0.0,200.0,200.0,0.0,0.0,4.0,3.0,0.0,1.0,0.0
343,14.833823141009649,6.258405552100097,0.95,3.0,0.0,5.0,0.0,200.0,200.0,0.0,0.0,4.0,3.0,0.0,1.0,0.0
344,10.069910286586515,7.497370653145048,0.95,12.0,0.0,8.0,0.0,200.0,200.0,0.0,0.0,4.0,3.0,0.0,1.0,0.0
345,9.50490655167948,7.318346722708212,0.95,6.0,0.0,18.0,0.0,200.0,200.0,0.0,0.0,4.0,3.0,0.0,1.0,0.0
346,12.805382598554388,10.448660464926968,0.95,9.0,0.0,18.0,0.0,200.0,200.0,0.0,0.0,4.0,3.0,0.0,1.0,0.0
347,4.853787923531366,1.5190588547310637,0.95,0.0,0.0,0.0,0.0,100.0,100.0,0.0,0.0,10.0,2.0,0.0,1.0,0.0
348,16.55259615629021,7.174942483169451,0.95,1.5,0.0,7.0,0.0,200.0,200.0,0.0,0.0,4.0,3.0,0.0,1.0,0.0
349,0.9531525814462237,0.23345923859441647,0.95,0.0,0.0,0.0,0.0,280.0,280.0,0.0,0.0,10.0,2.0,8.0,2.0,0.0
350,1.683945815098302,0.2915187543839948,0.95,0.5,0.0,14.0,0.0,280.0,280.0,0.0,0.0,4.0,3.0,0.0,2.0,0.0
351,1.5070472651464655,0.2829881924502092,0.95,1.5,0.0,7.0,0.0,280.0,280.0,0.0,0.0,4.0,3.0,0.0,2.0,0.0
352,1.9534301594865966,0.35989272954254264,0.95,9.0,0.0,2.5,0.0,280.0,280.0,0.0,0.0,4.0,3.0,0.0,2.0,0.0
353,25.24473666821218,10.915992376041723,0.95,1.0,0.0,4.5,0.0,200.0,200.0,0.0,0.0,4.0,3.0,0.0,1.0,0.0
354,9.476710823951981,4.011810978362762,0.95,20.0,0.0,20.0,0.0,280.0,280.0,0.0,0.0,4.0,3.0,0.0,2.0,0.0
355,11.339131638831901,9.226195558327587,0.95,7.0,0.0,20.0,0.0,200.0,200.0,0.0,0.0,4.0,3.0,0.0,1.0,0.0
356,13.160432440322932,10.821224721837316,0.95,20.0,0.0,7.0,0.0,200.0,200.0,0.0,0.0,4.0,3.0,0.0,1.0,0.0
357,1.8850297462184307,0.3400424928819179,0.95,1.0,0.0,4.0,0.0,280.0,280.0,0.0,0.0,4.0,3.0,0.0,2.0,0.0
358,1.9289301484341568,0.35151742922973894,0.95,16.0,0.0,2.5,0.0,280.0,280.0,0.0,0.0,4.0,3.0,0.0,2.0,0.0
359,1.3379986289444967,0.27410487820897766,0.95,1.5,0.0,12.0,0.0,280.0,280.0,0.0,0.0,4.0,3.0,0.0,2.0,0.0
360,2.158018286785093,0.6773512416819933,0.95,4.0,0.0,12.0,0.0,280.0,280.0,0.0,0.0,4.0,3.0,0.0,2.0,0.0
361,1.4072723190575809,0.29967363693157956,0.95,2.0,0.0,7.0,0.0,280.0,280.0,0.0,0.0,4.0,3.0,0.0,2.0,0.0
362,9.305225698388178,4.187385405474908,0.95,3.0,0.0,7.0,0.0,200.0,200.0,0.0,0.0,4.0,3.0,0.0,1.0,0.0
363,1.795497850286281,0.32032207938242546,0.95,2.0,0.0,4.0,0.0,280.0,280.0,0.0,0.0,4.0,3.0,0.0,2.0,0.0
364,23.918522567736638,18.485701796168037,0.95,16.0,0.0,20.0,0.0,200.0,200.0,0.0,0.0,4.0,3.0,0.0,1.0,0.0
365,1.9081862003096468,0.34773416608792773,0.95,0.5,0.0,4.5,0.0,280.0,280.0,0.0,0.0,4.0,3.0,0.0,2.0,0.0
366,7.024308915409848,4.425644199976381,0.95,7.0,0.0,7.0,0.0,200.0,200.0,0.0,0.0,4.0,3.0,0.0,1.0,0.0
367,30.108214732374094,13.322938113130391,0.95,0.0,0.0,10.0,0.0,200.0,200.0,0.0,0.0,4.0,3.0,0.0,1.0,0.0
368,1.669444738301136,0.5059082728860275,0.95,4.0,0.0,7.0,0.0,280.0,280.0,0.0,0.0,4.0,3.0,0.0,2.0,0.0
369,8.098614458969923,5.40185795075497,0.95,18.0,0.0,4.5,0.0,200.0,200.0,0.0,0.0,4.0,3.0,0.0,1.0,0.0
370,4.919921150602595,1.8651186790939553,0.95,8.0,0.0,18.0,0.0,280.0,280.0,0.0,0.0,4.0,3.0,0.0,2.0,0.0
371,28.7750301640283,12.613075923830896,0.95,3.0,0.0,3.0,0.0,200.0,200.0,0.0,0.0,4.0,3.0,0.0,1.0,0.0
372,32.425123154880964,12.788598738068517,0.95,0.0,0.0,0.0,0.0,100.0,100.0,0.0,0.0,4.0,2.0,0.0,1.0,0.0
373,7.079741980713241,4.428810469541179,0.95,8.0,0.0,6.0,0.0,200.0,200.0,0.0,0.0,4.0,3.0,0.0,1.0,0.0
374,2.1649615527398853,0.7267482393785375,0.95,0.0,0.0,0.0,0.0,280.0,280.0,0.0,0.0,6.0,2.0,10.0,2.0,0.0
375,8.976873111360858,6.473931195083719,0.95,9.0,0.0,10.0,0.0,200.0,200.0,0.0,0.0,4.0,3.0,0.0,1.0,0.0
376,9.815708635505324,7.0355650696536385,0.95,14.0,0.0,6.0,0.0,200.0,200.0,0.0,0.0,4.0,3.0,0.0,1.0,0.0
377,29.55505383005222,13.02001148880904,0.95,9.0,0.0,2.5,0.0,200.0,200.0,0.0,0.0,4.0,3.0,0.0,1.0,0.0
378,4.079732060214147,1.4765971234517405,0.95,8.0,0.0,14.0,0.0,280.0,280.0,0.0,0.0,4.0,3.0,0.0,2.0,0.0
379,30.108214732374094,13.322938113130391,0.95,0.0,0.0,18.0,0.0,200.0,200.0,0.0,0.0,4.0,3.0,0.0,1.0,0.0
380,1.3930667020502197,0.3864593038920327,0.95,9.0,0.0,4.0,0.0,280.0,280.0,0.0,0.0,4.0,3.0,0.0,2.0,0.0
381,1.6516638271632103,0.2822779699256732,0.95,7.0,0.0,3.5,0.0,280.0,280.0,0.0,0.0,4.0,3.0,0.0,2.0,0.0
382,1.9388647712954092,0.633274461292899,0.95,16.0,0.0,4.0,0.0,280.0,280.0,0.0,0.0,4.0,3.0,0.0,2.0,0.0
383,6.436615849335197,3.9869378331615577,0.95,12.0,0.0,4.5,0.0,200.0,200.0,0.0,0.0,4.0,3.0,0.0,1.0,0.0
384,4.699635634934301,1.7358162884085355,0.95,16.0,0.0,7.0,0.0,280.0,280.0,0.0,0.0,4.0,3.0,0.0,2.0,0.0
385,1.5422234741864789,0.26744097883093754,0.95,1.0,0.0,9.0,0.0,280.0,280.0,0.0,0.0,4.0,3.0,0.0,2.0,0.0
386,9.032100491628917,4.178218313633839,0.95,12.0,0.0,4.0,0.0,200.0,200.0,0.0,0.0,4.0,3.0,0.0,1.0,0.0
387,5.745374908187517,2.2483093607188214,0.95,9.0,0.0,20.0,0.0,280.0,280.0,0.0,0.0,4.0,3.0,0.0,2.0,0.0
388,26.629762662020603,20.2353166727713,0.95,20.0,0.0,18.0,0.0,200.0,200.0,0.0,0.0,4.0,3.0,0.0,1.0,0.0
389,2.3756692163320734,0.8025056218567003,0.95,10.0,0.0,5.0,0.0,280.0,280.0,0.0,0.0,4.0,3.0,0.0,2.0,0.0
390,9.736987847664132,7.44899015480437,0.95,8.0,0.0,14.0,0.0,200.0,200.0,0.0,0.0,4.0,3.0,0.0,1.0,0.0
391,1.1966038537203532,0.3113144457533393,0.95,0.0,0.0,0.0,0.0,280.0,280.0,0.0,0.0,8.0,2.0,8.0,2.0,0.0
392,11.483114950791796,9.340009202664676,0.95,12.0,0.0,12.0,0.0,200.0,200.0,0.0,0.0,4.0,3.0,0.0,1.0,0.0
393,2.3007926925919815,0.774595308081106,0.95,20.0,0.0,4.0,0.0,280.0,280.0,0.0,0.0,4.0,3.0,0.0,2.0,0.0
394,5.734185517793522,2.238338825820438,0.95,10.0,0.0,18.0,0.0,280.0,280.0,0.0,0.0,4.0,3.0,0.0,2.0,0.0
395,1.942807320687675,0.3562460528806591,0.95,12.0,0.0,2.5,0.0,280.0,280.0,0.0,0.0,4.0,3.0,0.0,2.0,0.0
396,30.108214732374094,13.322938113130391,0.95,0.0,0.0,3.5,0.0,200.0,200.0,0.0,0.0,4.0,3.0,0.0,1.0,0.0
397,1.398553338657808,0.38515211427916723,0.95,20.0,0.0,3.5,0.0,280.0,280.0,0.0,0.0,4.0,3.0,0.0,2.0,0.0
398,8.364726510892801,5.840994496237316,0.95,8.0,0.0,10.0,0.0,200.0,200.0,0.0,0.0,4.0,3.0,0.0,1.0,0.0
399,1.915879469087247,0.5900741225427782,0.95,3.0,0.0,14.0,0.0,280.0,280.0,0.0,0.0,4.0,3.0,0.0,2.0,0.0
400,30.105558170593717,13.321439028978837,0.95,1.5,0.0,2.0,0.0,200.0,200.0,0.0,0.0,4.0,3.0,0.0,1.0,0.0
401,1.6204684003518546,0.31785618175055186,0.95,3.0,0.0,4.5,0.0,280.0,280.0,0.0,0.0,4.0,3.0,0.0,2.0,0.0
402,2.4717504414473526,0.8428092904998798,0.95,14.0,0.0,4.5,0.0,280.0,280.0,0.0,0.0,4.0,3.0,0.0,2.0,0.0
403,1.788578539849037,0.32516399064652113,0.95,1.0,0.0,5.0,0.0,280.0,280.0,0.0,0.0,4.0,3.0,0.0,2.0,0.0
404,1.319812526528884,0.3046301005288102,0.95,1.5,0.0,14.0,0.0,280.0,280.0,0.0,0.0,4.0,3.0,0.0,2.0,0.0
405,4.459964554211827,1.6347179921649373,0.95,12.0,0.0,10.0,0.0,280.0,280.0,0.0,0.0,4.0,3.0,0.0,2.0,0.0
406,21.83593032330075,9.255862910960866,0.95,3.0,0.0,4.0,0.0,200.0,200.0,0.0,0.0,4.0,3.0,0.0,1.0,0.0
407,1.4933423451210395,0.25808277933219054,0.95,1.0,0.0,12.0,0.0,280.0,280.0,0.0,0.0,4.0,3.0,0.0,2.0,0.0
408,27.90661610960516,12.174239633163406,0.95,1.5,0.0,3.5,0.0,200.0,200.0,0.0,0.0,4.0,3.0,0.0,1.0,0.0
409,11.13638165738319,4.842766713486454,0.95,3.0,0.0,6.0,0.0,200.0,200.0,0.0,0.0,4.0,3.0,0.0,1.0,0.0
410,1.7742532854817925,0.32242514977378584,0.95,1.5,0.0,4.5,0.0,280.0,280.0,0.0,0.0,4.0,3.0,0.0,2.0,0.0
411,1.9028843660181658,0.630639093818299,0.95,10.0,0.0,4.5,0.0,280.0,280.0,0.0,0.0,4.0,3.0,0.0,2.0,0.0
412,2.1420072297223807,0.9929095680017805,0.95,0.0,0.0,0.0,0.0,100.0,100.0,0.0,0.0,10.0,2.0,8.0,1.0,0.0
413,9.457474827007081,4.180497073618783,0.95,5.0,0.0,5.0,0.0,200.0,200.0,0.0,0.0,4.0,3.0,0.0,1.0,0.0
414,5.70874658095041,3.4011881961697332,0.95,5.0,0.0,7.0,0.0,200.0,200.0,0.0,0.0,4.0,3.0,0.0,1.0,0.0
415,10.557194656413065,7.882154644380789,0.95,16.0,0.0,6.0,0.0,200.0,200.0,0.0,0.0,4.0,3.0,0.0,1.0,0.0
416,3.0722235979767203,1.0682191831452668,0.95,14.0,0.0,5.0,0.0,280.0,280.0,0.0,0.0,4.0,3.0,0.0,2.0,0.0
417,27.93327409279645,12.178128375495147,0.95,5.0,0.0,3.0,0.0,200.0,200.0,0.0,0.0,4.0,3.0,0.0,1.0,0.0
418,8.630741308298061,5.880402328142948,0.95,20.0,0.0,4.5,0.0,200.0,200.0,0.0,0.0,4.0,3.0,0.0,1.0,0.0
419,1.0899229165814903,0.28562621208176847,0.95,0.0,0.0,0.0,0.0,280.0,280.0,0.0,0.0,10.0,2.0,10.0,2.0,0.0
420,1.4563181006284964,0.28675717578847787,0.95,1.0,0.0,18.0,0.0,280.0,280.0,0.0,0.0,4.0,3.0,0.0,2.0,0.0
421,1.6926069055759208,0.2801934463902904,0.95,16.0,0.0,3.0,0.0,280.0,280.0,0.0,0.0,4.0,3.0,0.0,2.0,0.0
422,0.8190029893227239,0.15421722964801393,0.95,0.0,0.0,0.0,0.0,280.0,280.0,0.0,0.0,12.0,2.0,0.0,2.0,0.0
423,4.7594349313219215,1.7683839861039357,0.95,14.0,0.0,9.0,0.0,280.0,280.0,0.0,0.0,4.0,3.0,0.0,2.0,0.0
424,1.5884918694489616,0.3040479197870508,0.95,5.0,0.0,4.0,0.0,280.0,280.0,0.0,0.0,4.0,3.0,0.0,2.0,0.0
425,3.9248702977843597,1.3959306348369491,0.95,10.0,0.0,10.0,0.0,280.0,280.0,0.0,0.0,4.0,3.0,0.0,2.0,0.0
426,1.7539864426852494,0.5612885149971859,0.95,14.0,0.0,4.0,0.0,280.0,280.0,0.0,0.0,4.0,3.0,0.0,2.0,0.0
427,7.582903363858364,4.865193823784595,0.95,12.0,0.0,5.0,0.0,200.0,200.0,0.0,0.0,4.0,3.0,0.0,1.0,0.0
428,1.3339172975059106,0.29495309200621883,0.95,2.0,0.0,8.0,0.0,280.0,280.0,0.0,0.0,4.0,3.0,0.0,2.0,0.0
429,30.08697914304023,13.310958652265905,0.95,12.0,0.0,2.0,0.0,200.0,200.0,0.0,0.0,4.0,3.0,0.0,1.0,0.0
430,30.09051568984489,13.31295308454864,0.95,10.0,0.0,2.0,0.0,200.0,200.0,0.0,0.0,4.0,3.0,0.0,1.0,0.0
431,4.091185038791029,1.4656567984215825,0.95,12.0,0.0,8.0,0.0,280.0,280.0,0.0,0.0,4.0,3.0,0.0,2.0,0.0
432,9.589461160563808,6.766420110759411,0.95,18.0,0.0,5.0,0.0,200.0,200.0,0.0,0.0,4.0,3.0,0.0,1.0,0.0
433,1.93368934145635,0.3536361541450576,0.95,0.5,0.0,4.0,0.0,280.0,280.0,0.0,0.0,4.0,3.0,0.0,2.0,0.0
434,1.9221704684738832,0.3492091700989877,0.95,18.0,0.0,2.5,0.0,280.0,280.0,0.0,0.0,4.0,3.0,0.0,2.0,0.0
435,21.95611433802996,9.808063410242102,0.95,0.5,0.0,18.0,0.0,200.0,200.0,0.0,0.0,4.0,3.0,0.0,1.0,0.0
436,8.157094278055661,5.77788733991483,0.95,6.0,0.0,14.0,0.0,200.0,200.0,0.0,0.0,4.0,3.0,0.0,1.0,0.0
437,1.9570124696892854,0.36112787070066166,0.95,8.0,0.0,2.5,0.0,280.0,280.0,0.0,0.0,4.0,3.0,0.0,2.0,0.0
438,3.240970673497692,1.1435659284665574,0.95,20.0,0.0,4.5,0.0,280.0,280.0,0.0,0.0,4.0,3.0,0.0,2.0,0.0
439,1.9939591135858015,0.37137414255916107,0.95,0.0,0.0,3.0,0.0,280.0,280.0,0.0,0.0,4.0,3.0,0.0,2.0,0.0
440,1.9634857135649724,0.36307501995023456,0.95,1.0,0.0,3.0,0.0,280.0,280.0,0.0,0.0,4.0,3.0,0.0,2.0,0.0
441,3.3712390375183885,1.1605763124105541,0.95,10.0,0.0,7.0,0.0,280.0,280.0,0.0,0.0,4.0,3.0,0.0,2.0,0.0
442,29.653909491319585,13.078073459862345,0.95,1.0,0.0,3.0,0.0,200.0,200.0,0.0,0.0,4.0,3.0,0.0,1.0,0.0
443,21.534934723974636,16.93902611599104,0.95,16.0,0.0,18.0,0.0,200.0,200.0,0.0,0.0,4.0,3.0,0.0,1.0,0.0
444,21.45616746058883,9.278170697297314,0.95,1.0,0.0,6.0,0.0,200.0,200.0,0.0,0.0,4.0,3.0,0.0,1.0,0.0
445,30.099361873044987,13.31794295517796,0.95,5.0,0.0,2.0,0.0,200.0,200.0,0.0,0.0,4.0,3.0,0.0,1.0,0.0
446,19.705414520311756,8.274897062732434,0.95,4.0,0.0,4.0,0.0,200.0,200.0,0.0,0.0,4.0,3.0,0.0,1.0,0.0
447,30.01454273495817,13.271286132307598,0.95,1.5,0.0,2.5,0.0,200.0,200.0,0.0,0.0,4.0,3.0,0.0,1.0,0.0
448,8.664127704381375,5.968087276323686,0.95,10.0,0.0,7.0,0.0,200.0,200.0,0.0,0.0,4.0,3.0,0.0,1.0,0.0
449,6.815051170343528,4.345273099235019,0.95,6.0,0.0,9.0,0.0,200.0,200.0,0.0,0.0,4.0,3.0,0.0,1.0,0.0
450,5.400873616605222,2.0607183350610008,0.95,18.0,0.0,8.0,0.0,280.0,280.0,0.0,0.0,4.0,3.0,0.0,2.0,0.0
451,2.413374553138679,0.6779168648949897,0.95,0.0,0.0,0.0,0.0,280.0,280.0,0.0,0.0,4.0,2.0,4.0,2.0,0.0
452,24.169831520673156,10.583070976791301,0.95,0.5,0.0,8.0,0.0,200.0,200.0,0.0,0.0,4.0,3.0,0.0,1.0,0.0
453,1.5843271840217479,0.2737915895909389,0.95,9.0,0.0,3.5,0.0,280.0,280.0,0.0,0.0,4.0,3.0,0.0,2.0,0.0
454,5.636952939090705,2.176156221357001,0.95,18.0,0.0,9.0,0.0,280.0,280.0,0.0,0.0,4.0,3.0,0.0,2.0,0.0
455,1.729744591971065,0.297690745703118,0.95,5.0,0.0,3.5,0.0,280.0,280.0,0.0,0.0,4.0,3.0,0.0,2.0,0.0
456,3.6730090284547146,1.2922867636236157,0.95,8.0,0.0,12.0,0.0,280.0,280.0,0.0,0.0,4.0,3.0,0.0,2.0,0.0
457,2.2035967846681737,1.1849178609265172,0.95,0.0,0.0,0.0,0.0,100.0,100.0,0.0,0.0,8.0,2.0,10.0,1.0,0.0
458,3.694488631166149,1.319889870471937,0.95,18.0,0.0,5.0,0.0,280.0,280.0,0.0,0.0,4.0,3.0,0.0,2.0,0.0
459,6.012926286662954,3.2821950584997843,0.95,3.0,0.0,14.0,0.0,200.0,200.0,0.0,0.0,4.0,3.0,0.0,1.0,0.0
460,20.998898050666693,8.985254310933051,0.95,1.5,0.0,5.0,0.0,200.0,200.0,0.0,0.0,4.0,3.0,0.0,1.0,0.0
461,10.14635675250044,4.267178204674511,0.95,0.0,0.0,0.0,0.0,100.0,100.0,0.0,0.0,4.0,2.0,4.0,1.0,0.0
462,9.055648316895343,6.857909350055458,0.95,5.0,0.0,20.0,0.0,200.0,200.0,0.0,0.0,4.0,3.0,0.0,1.0,0.0
463,6.687054787330928,4.437602491417401,0.95,3.0,0.0,20.0,0.0,200.0,200.0,0.0,0.0,4.0,3.0,0.0,1.0,0.0
464,6.061401400785493,3.7341411335609402,0.95,5.0,0.0,9.0,0.0,200.0,200.0,0.0,0.0,4.0,3.0,0.0,1.0,0.0
465,1.9939591135858015,0.37137414255916107,0.95,0.0,0.0,14.0,0.0,280.0,280.0,0.0,0.0,4.0,3.0,0.0,2.0,0.0
466,6.385004861733201,3.9065811973822426,0.95,6.0,0.0,7.0,0.0,200.0,200.0,0.0,0.0,4.0,3.0,0.0,1.0,0.0
467,29.983450041714942,13.254174261658823,0.95,2.0,0.0,2.5,0.0,200.0,200.0,0.0,0.0,4.0,3.0,0.0,1.0,0.0
468,5.663252640262696,3.1462856382441173,0.95,4.0,0.0,9.0,0.0,200.0,200.0,0.0,0.0,4.0,3.0,0.0,1.0,0.0
469,26.700487801967824,11.647957354311588,0.95,0.5,0.0,5.0,0.0,200.0,200.0,0.0,0.0,4.0,3.0,0.0,1.0,0.0
470,9.300930319067923,4.164265713690916,0.95,7.0,0.0,4.5,0.0,200.0,200.0,0.0,0.0,4.0,3.0,0.0,1.0,0.0
471,14.21505418862417,11.646829925481786,0.95,20.0,0.0,8.0,0.0,200.0,200.0,0.0,0.0,4.0,3.0,0.0,1.0,0.0
472,6.422182030481831,3.449897115287651,0.95,7.0,0.0,5.0,0.0,200.0,200.0,0.0,0.0,4.0,3.0,0.0,1.0,0.0
473,20.175444236441244,8.763200921483955,0.95,1.0,0.0,7.0,0.0,200.0,200.0,0.0,0.0,4.0,3.0,0.0,1.0,0.0
474,1.7880508577572882,0.3061936612922051,0.95,10.0,0.0,3.0,0.0,280.0,280.0,0.0,0.0,4.0,3.0,0.0,2.0,0.0
475,1.838240929607277,0.332480054758141,0.95,1.0,0.0,4.5,0.0,280.0,280.0,0.0,0.0,4.0,3.0,0.0,2.0,0.0
476,27.525385547540562,11.971104417541788,0.95,6.0,0.0,3.0,0.0,200.0,200.0,0.0,0.0,4.0,3.0,0.0,1.0,0.0
477,2.450490253452676,0.7881327959969692,0.95,6.0,0.0,8.0,0.0,280.0,280.0,0.0,0.0,4.0,3.0,0.0,2.0,0.0
478,17.803807865331724,7.4341460128272345,0.95,5.0,0.0,4.0,0.0,200.0,200.0,0.0,0.0,4.0,3.0,0.0,1.0,0.0
479,1.9939591135858015,0.37137414255916107,0.95,0.0,0.0,2.0,0.0,280.0,280.0,0.0,0.0,4.0,3.0,0.0,2.0,0.0
480,14.425418336269527,6.39550062719145,0.95,1.5,0.0,10.0,0.0,200.0,200.0,0.0,0.0,4.0,3.0,0.0,1.0,0.0
481,3.7032131781150466,1.3128427149543258,0.95,7.0,0.0,14.0,0.0,280.0,280.0,0.0,0.0,4.0,3.0,0.0,2.0,0.0
482,29.209583511517007,12.841589151042225,0.95,2.0,0.0,3.0,0.0,200.0,200.0,0.0,0.0,4.0,3.0,0.0,1.0,0.0
483,15.14354712095929,6.343982053252893,0.95,4.0,0.0,4.5,0.0,200.0,200.0,0.0,0.0,4.0,3.0,0.0,1.0,0.0
484,12.027902648801756,9.88748167723309,0.95,18.0,0.0,7.0,0.0,200.0,200.0,0.0,0.0,4.0,3.0,0.0,1.0,0.0
485,18.146609409337632,7.800660362026357,0.95,1.5,0.0,6.0,0.0,200.0,200.0,0.0,0.0,4.0,3.0,0.0,1.0,0.0
486,1.4975416177273142,0.42884372255364334,0.95,1.5,0.0,20.0,0.0,280.0,280.0,0.0,0.0,4.0,3.0,0.0,2.0,0.0
487,1.7158854015757539,0.3166930380859375,0.95,2.0,0.0,4.5,0.0,280.0,280.0,0.0,0.0,4.0,3.0,0.0,2.0,0.0
488,1.9498683717247531,0.3586674740871038,0.95,10.0,0.0,2.5,0.0,280.0,280.0,0.0,0.0,4.0,3.0,0.0,2.0,0.0
489,1.991985065326182,0.3709057950494012,0.95,12.0,0.0,2.0,0.0,280.0,280.0,0.0,0.0,4.0,3.0,0.0,2.0,0.0
490,24.008955309390917,10.221545866587002,0.95,16.0,0.0,3.0,0.0,200.0,200.0,0.0,0.0,4.0,3.0,0.0,1.0,0.0
491,12.828086128112478,5.418778806891356,0.95,5.0,0.0,4.5,0.0,200.0,200.0,0.0,0.0,4.0,3.0,0.0,1.0,0.0
492,30.094053352570743,13.31494837116411,0.95,8.0,0.0,2.0,0.0,200.0,200.0,0.0,0.0,4.0,3.0,0.0,1.0,0.0
493,10.35536826821015,7.9127549243598265,0.95,12.0,0.0,9.0,0.0,200.0,200.0,0.0,0.0,4.0,3.0,0.0,1.0,0.0
494,27.014379026239308,11.74447471518431,0.95,1.0,0.0,4.0,0.0,200.0,200.0,0.0,0.0,4.0,3.0,0.0,1.0,0.0
495,6.472048875209938,2.582537860468704,0.95,12.0,0.0,18.0,0.0,280.0,280.0,0.0,0.0,4.0,3.0,0.0,2.0,0.0
496,2.1214960860018395,0.7044592177254838,0.95,18.0,0.0,4.0,0.0,280.0,280.0,0.0,0.0,4.0,3.0,0.0,2.0,0.0
497,30.108214732374094,13.322938113130391,0.95,0.0,0.0,2.5,0.0,200.0,200.0,0.0,0.0,4.0,3.0,0.0,1.0,0.0
498,8.155707195517286,3.7327636200950476,0.95,4.0,0.0,6.0,0.0,200.0,200.0,0.0,0.0,4.0,3.0,0.0,1.0,0.0
499,1.8993441332672985,0.3409225309162903,0.95,4.0,0.0,3.0,0.0,280.0,280.0,0.0,0.0,4.0,3.0,0.0,2.0,0.0
500,30.097592091983415,13.316944552679185,0.95,6.0,0.0,2.0,0.0,200.0,200.0,0.0,0.0,4.0,3.0,0.0,1.0,0.0
501,7.509553650446102,4.956069836825438,0.95,7.0,0.0,9.0,0.0,200.0,200.0,0.0,0.0,4.0,3.0,0.0,1.0,0.0
502,2.032121727861521,0.6575641862346414,0.95,6.0,0.0,6.0,0.0,280.0,280.0,0.0,0.0,4.0,3.0,0.0,2.0,0.0
503,1.4339754516129979,0.3567359440393706,0.95,8.0,0.0,4.0,0.0,280.0,280.0,0.0,0.0,4.0,3.0,0.0,2.0,0.0
504,12.430928094993684,10.156344202419966,0.95,16.0,0.0,9.0,0.0,200.0,200.0,0.0,0.0,4.0,3.0,0.0,1.0,0.0
505,1.6621336676369451,0.28539624136298275,0.95,0.5,0.0,20.0,0.0,280.0,280.0,0.0,0.0,4.0,3.0,0.0,2.0,0.0
506,3.780299105205692,1.3689029849764827,0.95,5.0,0.0,20.0,0.0,280.0,280.0,0.0,0.0,4.0,3.0,0.0,2.0,0.0
507,2.5258769906127205,0.8535893857748075,0.95,3.0,0.0,20.0,0.0,280.0,280.0,0.0,0.0,4.0,3.0,0.0,2.0,0.0
508,1.9910001065642653,0.37067216077157966,0.95,18.0,0.0,2.0,0.0,280.0,280.0,0.0,0.0,4.0,3.0,0.0,2.0,0.0
509,1.7002338996853248,0.5131798961357175,0.95,2.0,0.0,18.0,0.0,280.0,280.0,0.0,0.0,4.0,3.0,0.0,2.0,0.0
510,30.10290221366489,13.3199404136097,0.95,3.0,0.0,2.0,0.0,200.0,200.0,0.0,0.0,4.0,3.0,0.0,1.0,0.0
511,1.6884767059338912,0.28917008493291574,0.95,6.0,0.0,3.5,0.0,280.0,280.0,0.0,0.0,4.0,3.0,0.0,2.0,0.0
512,11.13846948871218,9.06497005120358,0.95,10.0,0.0,14.0,0.0,200.0,200.0,0.0,0.0,4.0,3.0,0.0,1.0,0.0
513,5.998877238502357,3.6310798887526863,0.95,8.0,0.0,5.0,0.0,200.0,200.0,0.0,0.0,4.0,3.0,0.0,1.0,0.0
514,1.7261853160507592,0.5089078297889125,0.95,3.0,0.0,12.0,0.0,280.0,280.0,0.0,0.0,4.0,3.0,0.0,2.0,0.0
515,7.7709314354791035,3.1972540825824827,0.95,16.0,0.0,18.0,0.0,280.0,280.0,0.0,0.0,4.0,3.0,0.0,2.0,0.0
516,3.9833149399120473,1.4411991408168963,0.95,20.0,0.0,5.0,0.0,280.0,280.0,0.0,0.0,4.0,3.0,0.0,2.0,0.0
517,3.329554085636257,1.146366285408299,0.95,7.0,0.0,12.0,0.0,280.0,280.0,0.0,0.0,4.0,3.0,0.0,2.0,0.0
518,2.3121002362287038,0.9617438706533407,0.95,0.0,0.0,0.0,0.0,100.0,100.0,0.0,0.0,10.0,2.0,4.0,1.0,0.0
519,1.9522740855921716,0.3591081076553136,0.95,1.5,0.0,3.0,0.0,280.0,280.0,0.0,0.0,4.0,3.0,0.0,2.0,0.0
520,6.421420200474379,3.918107652593043,0.95,9.0,0.0,5.0,0.0,200.0,200.0,0.0,0.0,4.0,3.0,0.0,1.0,0.0
521,1.9934649110988911,0.37125692449631725,0.95,3.0,0.0,2.0,0.0,280.0,280.0,0.0,0.0,4.0,3.0,0.0,2.0,0.0
522,7.617614628803843,4.943956418464637,0.95,8.0,0.0,7.0,0.0,200.0,200.0,0.0,0.0,4.0,3.0,0.0,1.0,0.0
523,18.425016723906648,8.098533921367777,0.95,1.0,0.0,10.0,0.0,200.0,200.0,0.0,0.0,4.0,3.0,0.0,1.0,0.0
524,1.5328332282911405,0.31388389319943955,0.95,6.0,0.0,4.0,0.0,280.0,280.0,0.0,0.0,4.0,3.0,0.0,2.0,0.0
525,0.24723323896018193,0.04536113582691611,0.95,0.0,0.0,0.0,0.0,280.0,280.0,0.0,0.0,20.0,2.0,0.0,2.0,0.0
526,15.478332547944188,12.554680924229368,0.95,10.0,0.0,20.0,0.0,200.0,200.0,0.0,0.0,4.0,3.0,0.0,1.0,0.0
527,4.77405764313601,1.7878800487132094,0.95,10.0,0.0,14.0,0.0,280.0,280.0,0.0,0.0,4.0,3.0,0.0,2.0,0.0
528,1.4065964961197182,0.4193848296329434,0.95,0.0,0.0,0.0,0.0,280.0,280.0,0.0,0.0,8.0,2.0,10.0,2.0,0.0
529,14.888486640906052,12.125104007298301,0.95,14.0,0.0,14.0,0.0,200.0,200.0,0.0,0.0,4.0,3.0,0.0,1.0,0.0
530,11.736841154993607,9.539656774363726,0.95,20.0,0.0,6.0,0.0,200.0,200.0,0.0,0.0,4.0,3.0,0.0,1.0,0.0
531,1.9155100174351858,0.3469376003832456,0.95,20.0,0.0,2.5,0.0,280.0,280.0,0.0,0.0,4.0,3.0,0.0,2.0,0.0
532,1.8730827602124325,0.3338706108690309,0.95,2.0,0.0,3.5,0.0,280.0,280.0,0.0,0.0,4.0,3.0,0.0,2.0,0.0
533,3.0370197316422196,1.0601988641321314,0.95,0.0,0.0,0.0,0.0,100.0,100.0,0.0,0.0,8.0,2.0,4.0,1.0,0.0
534,30.108214732374094,13.322938113130391,0.95,0.0,0.0,12.0,0.0,200.0,200.0,0.0,0.0,4.0,3.0,0.0,1.0,0.0
535,1.9939591135858015,0.37137414255916107,0.95,0.0,0.0,3.5,0.0,280.0,280.0,0.0,0.0,4.0,3.0,0.0,2.0,0.0
536,29.61552061627654,13.052851753862743,0.95,8.0,0.0,2.5,0.0,200.0,200.0,0.0,0.0,4.0,3.0,0.0,1.0,0.0
537,3.3523673585987575,1.5671046485917066,0.95,0.0,0.0,0.0,0.0,100.0,100.0,0.0,0.0,6.0,2.0,8.0,1.0,0.0
538,2.7342991369619503,0.9373147040417722,0.95,12.0,0.0,5.0,0.0,280.0,280.0,0.0,0.0,4.0,3.0,0.0,2.0,0.0
539,127.85346134699958,50.550630445566895,0.95,0.0,0.0,0.0,0.0,100.0,100.0,0.0,0.0,2.0,2.0,0.0,1.0,0.0
540,17.901626479735334,7.524091339642608,0.95,3.0,0.0,4.5,0.0,200.0,200.0,0.0,0.0,4.0,3.0,0.0,1.0,0.0
541,12.766054935582943,5.879392470380208,0.95,1.5,0.0,14.0,0.0,200.0,200.0,0.0,0.0,4.0,3.0,0.0,1.0,0.0
542,29.021882471170276,12.733238827903293,0.95,18.0,0.0,2.5,0.0,200.0,200.0,0.0,0.0,4.0,3.0,0.0,1.0,0.0
543,3.997794217210026,1.4338280656704692,0.95,9.0,0.0,12.0,0.0,280.0,280.0,0.0,0.0,4.0,3.0,0.0,2.0,0.0
544,13.54343772372319,6.108455507036871,0.95,1.5,0.0,12.0,0.0,200.0,200.0,0.0,0.0,4.0,3.0,0.0,1.0,0.0
545,1.8601589836717887,0.3281155482285848,0.95,6.0,0.0,3.0,0.0,280.0,280.0,0.0,0.0,4.0,3.0,0.0,2.0,0.0
546,18.679811179823666,7.931983874317036,0.95,2.0,0.0,5.0,0.0,200.0,200.0,0.0,0.0,4.0,3.0,0.0,1.0,0.0
547,7.6559341648844095,3.1448343051756193,0.95,14.0,0.0,20.0,0.0,280.0,280.0,0.0,0.0,4.0,3.0,0.0,2.0,0.0
548,13.251653699391198,5.658225539165138,0.95,18.0,0.0,3.5,0.0,200.0,200.0,0.0,0.0,4.0,3.0,0.0,1.0,0.0
549,1.9846380513774797,0.6219298254732047,0.95,5.0,0.0,7.0,0.0,280.0,280.0,0.0,0.0,4.0,3.0,0.0,2.0,0.0
550,1.7546603587636742,0.29672766775586046,0.95,12.0,0.0,3.0,0.0,280.0,280.0,0.0,0.0,4.0,3.0,0.0,2.0,0.0
551,1.8224107451906628,0.3198136722368206,0.95,3.0,0.0,3.5,0.0,280.0,280.0,0.0,0.0,4.0,3.0,0.0,2.0,0.0
552,1.4637589012445884,0.3714656623059132,0.95,5.0,0.0,4.5,0.0,280.0,280.0,0.0,0.0,4.0,3.0,0.0,2.0,0.0
553,7.5272224315142,5.083550104971124,0.95,6.0,0.0,12.0,0.0,200.0,200.0,0.0,0.0,4.0,3.0,0.0,1.0,0.0
554,30.108214732374094,13.322938113130391,0.95,0.0,0.0,5.0,0.0,200.0,200.0,0.0,0.0,4.0,3.0,0.0,1.0,0.0
555,1.7552248445404999,0.5763422277120489,0.95,9.0,0.0,4.5,0.0,280.0,280.0,0.0,0.0,4.0,3.0,0.0,2.0,0.0
556,9.674737322217632,6.974221524693754,0.95,12.0,0.0,7.0,0.0,200.0,200.0,0.0,0.0,4.0,3.0,0.0,1.0,0.0
557,15.055770399886875,12.289505638500165,0.95,20.0,0.0,9.0,0.0,200.0,200.0,0.0,0.0,4.0,3.0,0.0,1.0,0.0
558,2.1924663383109806,0.7379132865157375,0.95,12.0,0.0,4.5,0.0,280.0,280.0,0.0,0.0,4.0,3.0,0.0,2.0,0.0
559,1.7977949067775791,0.5924815441010116,0.95,7.0,0.0,5.0,0.0,280.0,280.0,0.0,0.0,4.0,3.0,0.0,2.0,0.0
560,0.9732756198499134,0.1810468989089598,0.95,0.0,0.0,0.0,0.0,280.0,280.0,0.0,0.0,8.0,2.0,4.0,2.0,0.0
561,23.83329171334044,10.45260886393294,0.95,0.5,0.0,9.0,0.0,200.0,200.0,0.0,0.0,4.0,3.0,0.0,1.0,0.0
562,9.64221880618358,7.258241488169403,0.95,9.0,0.0,12.0,0.0,200.0,200.0,0.0,0.0,4.0,3.0,0.0,1.0,0.0
563,6.166269502666995,2.4433681479217513,0.95,10.0,0.0,20.0,0.0,280.0,280.0,0.0,0.0,4.0,3.0,0.0,2.0,0.0
564,3.8442556269746198,1.3596981046875232,0.95,12.0,0.0,7.0,0.0,280.0,280.0,0.0,0.0,4.0,3.0,0.0,2.0,0.0
565,1.7120938094331315,0.2992790162627836,0.95,0.5,0.0,10.0,0.0,280.0,280.0,0.0,0.0,4.0,3.0,0.0,2.0,0.0
566,1.9939591135858015,0.37137414255916107,0.95,0.0,0.0,12.0,0.0,280.0,280.0,0.0,0.0,4.0,3.0,0.0,2.0,0.0
567,2.1659468184615664,1.0889795601146954,0.95,0.0,0.0,0.0,0.0,100.0,100.0,0.0,0.0,8.0,2.0,8.0,1.0,0.0
568,2.5720197831802287,0.8328949078731732,0.95,6.0,0.0,9.0,0.0,280.0,280.0,0.0,0.0,4.0,3.0,0.0,2.0,0.0
569,30.108214732374094,13.322938113130391,0.95,0.0,0.0,9.0,0.0,200.0,200.0,0.0,0.0,4.0,3.0,0.0,1.0,0.0
570,4.307095258262181,1.5712879796085781,0.95,10.0,0.0,12.0,0.0,280.0,280.0,0.0,0.0,4.0,3.0,0.0,2.0,0.0
571,7.911053413816951,5.640156171367442,0.95,4.0,0.0,20.0,0.0,200.0,200.0,0.0,0.0,4.0,3.0,0.0,1.0,0.0
572,8.067181160623761,5.308711608049517,0.95,10.0,0.0,6.0,0.0,200.0,200.0,0.0,0.0,4.0,3.0,0.0,1.0,0.0
573,8.34987802214134,4.396740908378395,0.95,2.0,0.0,18.0,0.0,200.0,200.0,0.0,0.0,4.0,3.0,0.0,1.0,0.0
574,1.6689969931475495,0.28725550511984616,0.95,0.5,0.0,18.0,0.0,280.0,280.0,0.0,0.0,4.0,3.0,0.0,2.0,0.0
575,0.8475964827484329,0.20619095631910542,0.95,0.0,0.0,0.0,0.0,280.0,280.0,0.0,0.0,12.0,2.0,10.0,2.0,0.0
576,1.9913282998657658,0.3707500071065684,0.95,16.0,0.0,2.0,0.0,280.0,280.0,0.0,0.0,4.0,3.0,0.0,2.0,0.0
577,5.464984299926471,2.0856346533732935,0.95,20.0,0.0,7.0,0.0,280.0,280.0,0.0,0.0,4.0,3.0,0.0,2.0,0.0
578,7.7227163618668815,5.200110564691042,0.95,7.0,0.0,10.0,0.0,200.0,200.0,0.0,0.0,4.0,3.0,0.0,1.0,0.0
579,1.642526892439293,0.31607659073724376,0.95,2.0,0.0,5.0,0.0,280.0,280.0,0.0,0.0,4.0,3.0,0.0,2.0,0.0
580,6.53421038373469,3.9886196481116403,0.95,7.0,0.0,6.0,0.0,200.0,200.0,0.0,0.0,4.0,3.0,0.0,1.0,0.0
581,3.1998741360198575,1.0845858524485803,0.95,8.0,0.0,9.0,0.0,280.0,280.0,0.0,0.0,4.0,3.0,0.0,2.0,0.0
582,1.7228470073340543,0.2880899988138551,0.95,14.0,0.0,3.0,0.0,280.0,280.0,0.0,0.0,4.0,3.0,0.0,2.0,0.0
583,7.665967092498339,3.6284834220832085,0.95,6.0,0.0,5.0,0.0,200.0,200.0,0.0,0.0,4.0,3.0,0.0,1.0,0.0
584,30.108214732374094,13.322938113130391,0.95,0.0,0.0,20.0,0.0,200.0,200.0,0.0,0.0,4.0,3.0,0.0,1.0,0.0
585,1.9272414516821328,0.3506602765707625,0.95,1.0,0.0,3.5,0.0,280.0,280.0,0.0,0.0,4.0,3.0,0.0,2.0,0.0
586,5.408603051946867,2.0797298302999834,0.95,12.0,0.0,14.0,0.0,280.0,280.0,0.0,0.0,4.0,3.0,0.0,2.0,0.0
587,1.9939591135858015,0.37137414255916107,0.95,0.0,0.0,8.0,0.0,280.0,280.0,0.0,0.0,4.0,3.0,0.0,2.0,0.0
588,7.590851272307788,4.869830478849411,0.95,9.0,0.0,6.0,0.0,200.0,200.0,0.0,0.0,4.0,3.0,0.0,1.0,0.0
589,5.9959268487393365,2.354100914661416,0.95,14.0,0.0,14.0,0.0,280.0,280.0,0.0,0.0,4.0,3.0,0.0,2.0,0.0
590,5.337356588916883,2.055609601134521,0.95,9.0,0.0,18.0,0.0,280.0,280.0,0.0,0.0,4.0,3.0,0.0,2.0,0.0
591,1.9777363460728141,0.36745440475441443,0.95,3.0,0.0,2.5,0.0,280.0,280.0,0.0,0.0,4.0,3.0,0.0,2.0,0.0
592,1.9592420453365422,0.5961830410767197,0.95,4.0,0.0,10.0,0.0,280.0,280.0,0.0,0.0,4.0,3.0,0.0,2.0,0.0
593,8.916814686475258,3.743384772306676,0.95,18.0,0.0,20.0,0.0,280.0,280.0,0.0,0.0,4.0,3.0,0.0,2.0,0.0
594,4.937097201025005,1.8448959625061128,0.95,20.0,0.0,6.0,0.0,280.0,280.0,0.0,0.0,4.0,3.0,0.0,2.0,0.0
595,16.297423688395153,13.220722281194293,0.95,18.0,0.0,12.0,0.0,200.0,200.0,0.0,0.0,4.0,3.0,0.0,1.0,0.0
596,12.437790220885956,6.940252099946612,0.95,0.0,0.0,0.0,0.0,100.0,100.0,0.0,0.0,6.0,1.0,0.0,1.0,0.0
597,10.36270634422563,8.385981770592219,0.95,7.0,0.0,18.0,0.0,200.0,200.0,0.0,0.0,4.0,3.0,0.0,1.0,0.0
598,2.0261291107147175,0.5766737343148912,0.95,0.0,0.0,0.0,0.0,280.0,280.0,0.0,0.0,6.0,2.0,8.0,2.0,0.0
599,7.610783089409798,3.5635780324754958,0.95,0.0,0.0,0.0,0.0,100.0,100.0,0.0,0.0,4.0,2.0,8.0,1.0,0.0
600,29.43056016538314,12.958801788412504,0.95,1.5,0.0,3.0,0.0,200.0,200.0,0.0,0.0,4.0,3.0,0.0,1.0,0.0
601,10.16643554564567,7.390839696229877,0.95,20.0,0.0,5.0,0.0,200.0,200.0,0.0,0.0,4.0,3.0,0.0,1.0,0.0
602,5.947104774569257,3.0716018439330663,0.95,4.0,0.0,8.0,0.0,200.0,200.0,0.0,0.0,4.0,3.0,0.0,1.0,0.0
603,2.8706900968837563,0.9665825340185727,0.95,5.0,0.0,14.0,0.0,280.0,280.0,0.0,0.0,4.0,3.0,0.0,2.0,0.0
604,32.425123154880964,12.788598738068517,0.95,0.0,0.0,0.0,0.0,100.0,100.0,0.0,0.0,4.0,2.0,0.0,1.0,0.0
605,10.897014041216764,4.702114392276894,0.95,6.0,0.0,4.5,0.0,200.0,200.0,0.0,0.0,4.0,3.0,0.0,1.0,0.0
606,22.6614024204836,10.032912223196924,0.95,0.5,0.0,14.0,0.0,200.0,200.0,0.0,0.0,4.0,3.0,0.0,1.0,0.0
607,3.329792578641895,1.1390091013958474,0.95,9.0,0.0,8.0,0.0,280.0,280.0,0.0,0.0,4.0,3.0,0.0,2.0,0.0
608,1.5125176202546453,0.42585527180189564,0.95,3.0,0.0,9.0,0.0,280.0,280.0,0.0,0.0,4.0,3.0,0.0,2.0,0.0
609,2.5446367972083084,0.8465750332292518,0.95,8.0,0.0,6.0,0.0,280.0,280.0,0.0,0.0,4.0,3.0,0.0,2.0,0.0
610,2.5711561519562895,0.8395274549046103,0.95,5.0,0.0,12.0,0.0,280.0,280.0,0.0,0.0,4.0,3.0,0.0,2.0,0.0
611,1.9939591135858015,0.37137414255916107,0.95,0.0,0.0,6.0,0.0,280.0,280.0,0.0,0.0,4.0,3.0,0.0,2.0,0.0
612,30.108214732374094,13.322938113130391,0.95,0.0,0.0,4.5,0.0,200.0,200.0,0.0,0.0,4.0,3.0,0.0,1.0,0.0
613,7.686301169520863,3.8510680420505246,0.95,14.0,0.0,4.0,0.0,200.0,200.0,0.0,0.0,4.0,3.0,0.0,1.0,0.0
614,21.686617775792573,9.729306389335395,0.95,0.5,0.0,20.0,0.0,200.0,200.0,0.0,0.0,4.0,3.0,0.0,1.0,0.0
615,1.6486372179424376,0.30233803604417686,0.95,4.0,0.0,4.0,0.0,280.0,280.0,0.0,0.0,4.0,3.0,0.0,2.0,0.0
616,1.6171378290920382,0.27709106227312746,0.95,8.0,0.0,3.5,0.0,280.0,280.0,0.0,0.0,4.0,3.0,0.0,2.0,0.0
617,1.879917974717797,0.341795536909478,0.95,0.5,0.0,5.0,0.0,280.0,280.0,0.0,0.0,4.0,3.0,0.0,2.0,0.0
618,30.104672781949475,13.320939444247117,0.95,2.0,0.0,2.0,0.0,200.0,200.0,0.0,0.0,4.0,3.0,0.0,1.0,0.0
619,1.8413883633494441,0.3222107529960166,0.95,7.0,0.0,3.0,0.0,280.0,280.0,0.0,0.0,4.0,3.0,0.0,2.0,0.0
