nx,quadraturetype,quadratureorder,convolutionmagnitude,convolutionwidth,rotationmagnitude,testcaseid,runtime,absL1,relL1,absL2,relL2,L1R1,L2R1,TVR1,L1R2,L2R2,TVR2,L1R3,L2R3,TVR3
50,3,2,20.0,2.5,0,1,11.367361242016758,1.0236586648726245,7.91758706579026,0.9008468285387911,47.21498779927995,1.6272413515960085,0.5710497771839572,81.54307108742829,2.9597863030972458,3.229605028291053,173.83010382915327,6.17850704187787,9.971841142418004
50,3,2,10.0,4.5,0,1,7.301801070483169,0.6575450340531442,4.846101055428814,0.5513794455667035,313.8948804644432,9.92877674977451,0.16176497665927392,51.037123890422215,1.6341041358040849,0.44863627892425983,238.69719264696275,7.55720283596876,0.6474400128294026
50,3,2,3.0,10.0,0,1,6.523813473287483,0.5874853493051029,3.8691805382769497,0.44022743141163156,236.43222232047597,7.490212584081525,0.31558455771180793,42.23926192579468,1.4645209156588224,1.051657111065151,210.47820593649453,6.726561920576961,1.703830122361783
50,3,2,1.5,4.5,0,1,8.211420830545448,0.7394585168133622,5.649196242020977,0.6427539698813418,23.48380919596996,1.003096202026767,0.5813800167005074,47.93065192971936,1.7776376781922032,2.639629932083772,144.8344075663152,5.310690272013031,6.913136128017548
50,3,2,6.0,7.0,0,1,7.870118132190541,0.7087233745866846,5.308585516646546,0.6039999796605563,354.85089487596105,11.22292879971343,0.13475952919911105,43.883737202613595,1.400444800497943,0.3309352418203575,244.9063062538557,7.749358886899252,0.4798839099360511
50,3,2,0.0,8.0,0,1,12.138936016457926,1.0931408592568783,8.464064873765217,0.9630239534747623,59.48760410650082,2.030028658836184,0.5693632736241736,90.2879355620433,3.244794288126606,3.3498752789551336,182.6242748236822,6.489066951431093,10.700661459138875
50,3,2,18.0,18.0,0,1,29.134189167347678,2.6236049466747153,18.711826893922453,2.1289933124182756,1752.2823307458448,55.41262906039533,0.207172465979772,291.0227150512943,9.203653903245378,0.08121748876661328,263.7112939892976,8.339283337253072,9.19527852121238e-05
50,3,2,9.0,12.0,0,1,14.9067544217833,1.3423896719833202,9.857775537484669,1.1215974962574013,834.2254754510716,26.380565304589645,0.03454159511413124,94.82057494901169,2.9987829914181967,0.04229902414437131,263.3711320370393,8.328539059300114,0.025522829822571147
50,3,2,20.0,7.0,0,1,19.637958517335974,1.7684461651817445,12.809092873041939,1.4573923337067773,1158.8784620371684,36.64703134601729,0.060439337850716424,191.11826297698354,6.043734701016501,0.028025817207256554,263.7045320627679,8.339069517429932,0.0022515711882344913
50,3,2,10.0,3.0,0,1,9.292328086289213,0.8367968572345281,6.439945931980147,0.732723848892284,20.733907128613232,0.8088511572500995,0.5865080660973261,58.41920845428838,2.174984613229822,2.865020599209319,152.91996517086062,5.517156651722591,7.990397276257705
50,3,2,9.0,14.0,0,1,16.437611107350946,1.4802470583631238,10.817781704997843,1.2308250303780641,944.0107386900463,29.85241955697708,0.09235657288535037,126.08645972737727,3.9873743340156,0.04010157986723495,263.55562731581534,8.334367066467452,0.01777452886271569
50,3,2,6.0,14.0,0,1,12.327704334536271,1.1101399077027116,8.150631134854546,0.9273621050721453,657.9431574085789,20.806237508611233,0.08762735890439188,42.45049714380622,1.348063731064122,0.19614752105374278,258.0731846137858,8.161739212206127,0.1986640582754644
50,3,2,1.0,10.0,0,1,7.278719116015712,0.6554664476345591,4.85739655333101,0.5526646241668763,59.55352705439367,2.034396194706736,0.5558597906458193,38.97570029986924,1.4446631988994512,2.382939401174066,143.60289593822228,5.307193009017702,5.737541065996963
50,3,2,10.0,8.0,0,1,12.455721355091892,1.1216681533133603,8.404761032275331,0.9562764839386003,662.99684063461,20.965821461379058,0.024290111679620363,42.125848662879584,1.3325956965678214,0.03666406039641401,262.96461508423056,8.315692790056374,0.03525920836985552
50,3,2,2.0,8.0,0,1,5.671352694654775,0.5107191725352498,3.4221982115529537,0.38937069840745697,122.01488320105665,3.9130932616319236,0.4577134631834656,29.906165716548532,1.2972168043310275,1.6825522671202857,170.96350916070554,5.732837805074055,3.4090615732390166
50,3,2,6.0,20.0,0,1,14.844868264692348,1.3368166722701007,9.680477049682418,1.1014248377044589,826.3720603707345,26.13257854432401,0.0946528383860703,91.10617033657388,2.884010577762656,0.20805975833573515,260.39146552176123,8.23472144396183,0.14790897253854596
50,3,2,3.0,3.0,0,1,11.182290788580541,1.0069926181764364,7.789360582521103,0.886257482084137,44.522269169601785,1.5365056510576576,0.5750908030100423,79.50808221963965,2.8927453430263026,3.2004884920567376,171.81885424526882,6.109813470469576,9.799927123619451
50,3,2,8.0,12.0,0,1,13.671656834230614,1.2311661152982094,9.074532449685261,1.0324817030547406,749.754430223481,23.709369675189222,0.060919428471744475,68.74857168167023,2.1747038574576143,0.07031373259320356,262.4054116415672,8.298051648202117,0.058407399423777595
50,3,2,6.0,18.0,0,1,14.215184296451277,1.280112091805216,9.292327198056023,1.05726194313444,783.9220417091421,24.790131933503265,0.10341532017037691,79.11844502859535,2.5052727237665597,0.20352687733841324,259.9252301052709,8.220041524004019,0.1592203428459622
50,3,2,3.0,4.0,0,1,7.351125848577818,0.6619868508842023,4.972698858916044,0.5657834841738956,41.45385200633599,1.5206399277473017,0.5589886216019679,39.87918466211822,1.4715601607923265,2.415509573517433,141.64576146396846,5.244946708940556,5.979738909170255
50,3,2,14.0,18.0,0,1,25.180099549948896,2.26752951172047,16.134706056811307,1.8357737856127196,1511.7462179334539,47.80666651074402,0.24241468015648815,257.27357652283325,8.136030522662175,0.0544148336305017,263.71325836753374,8.339345457088228,0.0003997271419451387
50,3,2,6.0,3.0,0,1,10.299584038960901,0.9275027177895475,7.174577516383006,0.816308724872134,31.748499433410174,1.1240279199141106,0.5843356183230416,69.55330031979274,2.5653438281431042,3.054342624100319,162.6290564427035,5.808053282422113,8.978285550341067
50,3,2,16.0,4.0,0,1,7.621065787750311,0.6862956022158426,5.109141753655074,0.5813076770853175,336.17908270038015,10.632706510637323,0.1421664074838933,47.72871698544821,1.5239024472675222,0.3710020532540632,242.59364100211576,7.677537408940438,0.5393621678513069
50,3,2,18.0,2.0,0,1,12.125246744358511,1.0919081068438936,8.454266551795822,0.9619091204836268,59.256896793632386,2.0227057307231293,0.569090631924587,90.12933282765309,3.239703825074074,3.347770360382002,182.46405389016547,6.4832547221104395,10.687606185970587
50,3,2,5.0,3.5,0,1,7.914859200600536,0.7127524171567634,5.407021296518775,0.6151998009414341,27.711196493591512,1.1524659760234848,0.5701777508013959,44.914757402270666,1.659136871887784,2.5622293590949665,143.20046990449652,5.274803370613202,6.5847558580907375
50,3,2,1.0,7.0,0,1,7.592391884381459,0.6837134471303904,5.1685069462351745,0.5880621270227797,35.68785224812838,1.3795294623941197,0.5721599522793781,42.144607319320485,1.5596822344981105,2.484965516787346,142.14955404261428,5.2557852791234,6.2445105071936045
50,3,2,10.0,2.0,0,1,12.131329009540096,1.0924558296902627,8.458619828369146,0.9624044273697077,59.35941268448584,2.025959117716746,0.5692118208720367,90.19977758075419,3.241964802870968,3.3487070600839677,182.53523484043723,6.485835949348101,10.693406465173936
50,3,2,9.0,18.0,0,1,18.76049823334376,1.6894287218484432,12.197338114260525,1.3877881310990294,1099.6447180968476,34.77407863751482,0.09440334901633696,166.4295893369906,5.26305590910558,0.04429900375949852,263.64296249346785,8.3371249121159,0.011013629336792619
50,3,2,2.0,4.0,0,1,8.539060180408526,0.7689632411112829,5.895712957735543,0.6708021365371638,21.043347173639322,0.8801164601903014,0.5849366667615896,51.073238195590775,1.89833126349599,2.7134259249561037,146.95469797796414,5.361349377151281,7.250093905546363
50,3,2,5.0,9.0,0,1,7.931149372560284,0.7142193869595022,5.276802275986212,0.6003837476808339,358.47668637885124,11.338140182299844,0.1551901895446881,39.54533742304302,1.272597523011007,0.40689984859814277,242.11523268253865,7.6633740925748715,0.5789600576288789
50,3,2,7.0,18.0,0,1,15.76601571280692,1.4197682515163406,10.319717988812346,1.174156361576862,894.0783955882562,28.273509819186827,0.07963193635141463,110.22787514359842,3.486638163349765,0.12247561411778857,262.30345581074306,8.294867786529952,0.07290837353359925
50,3,2,4.0,18.0,0,1,10.896083334635652,0.9812189373771589,6.990081567110086,0.7953171539049033,545.6967283211301,17.258271739253377,0.1769411643313883,19.87394996121919,0.6927148750193495,0.5847373141543394,245.5879594510191,7.775206884163386,0.6632288748178328
50,3,2,14.0,4.0,0,1,7.015784455465494,0.6317885387657264,4.593655426111019,0.5226566992729478,292.69046370594714,9.259160258056577,0.1814601425301181,53.41528332171159,1.7167126977112028,0.5417769605370765,234.45214270923,7.427000274901891,0.7718088822168208
50,3,2,1.5,10.0,0,1,6.2317712295642105,0.5611862314244143,3.9069441812140027,0.4445241013050267,108.10719326481379,3.4893184786227103,0.49826720034013927,30.291469752465403,1.2112918225541287,1.9657106065953287,160.75310873745372,5.537620465830255,4.216217680912266
50,3,2,9.0,7.0,0,1,10.680384481829071,0.9617947284532445,7.271600473474639,0.827347798072743,542.0449888540263,17.141079833649673,0.045535278927971046,3.814705262852172,0.12806852782629344,0.09061568163212008,260.2773054545929,8.230878730584687,0.1009980805898073
50,3,2,0.0,3.5,0,1,12.138936016457926,1.0931408592568783,8.464064873765217,0.9630239534747623,59.48760410650082,2.030028658836184,0.5693632736241736,90.2879355620433,3.244794288126606,3.3498752789551336,182.6242748236822,6.489066951431093,10.700661459138875
50,3,2,16.0,9.0,0,1,18.923397416270287,1.7040981914424107,12.371403518752226,1.4075929360593926,1110.5662647973754,35.11927579298181,0.06865979609180783,177.4031603636364,5.610017171188748,0.022044358342034054,263.68586761565757,8.338479307470887,0.0028796302480524893
50,3,2,3.0,12.0,0,1,7.299284396667451,0.65731840142458,4.406414261213333,0.5013527832984975,289.2007667241055,9.154753560039357,0.29305803313204803,32.05081992715905,1.1726806798056633,1.0161923604182526,217.1604039639009,6.923983367236039,1.5528723901330566
50,3,2,0.5,9.0,0,1,9.214494157535052,0.829787721702196,6.3911863984802055,0.7271760891077103,20.231570479734742,0.8162464886089165,0.5945205901864731,57.94638472754848,2.1589768091967305,2.8605682480059755,152.52441859687224,5.511320513814736,7.904196078797949
50,3,2,6.0,4.5,0,1,5.815706304325051,0.5237185679268932,3.365349793062755,0.382902601867589,185.01515673428986,5.8706680048664115,0.3383152669565701,49.7116993915118,1.6908327805159038,1.1102219578743986,201.82456748314195,6.4769374722361235,1.9316405961055814
50,3,2,12.0,7.0,0,1,13.410819962522437,1.2076771174421888,8.992099156887205,1.0231026119546258,725.5544828814038,22.944112107491925,0.05167373939630249,62.514220346107805,1.9771557280947725,0.029541078845633284,263.6300453782585,8.336717787198273,0.017699623698864242
50,3,2,1.0,4.5,0,1,9.284642802331641,0.8361047786291526,6.443579395936969,0.7331372569741801,21.0174197085115,0.8242578553381226,0.5933887053310068,58.546855137026114,2.180769520962463,2.8675841093836665,152.93063698688266,5.517452650900183,7.991176513158917
50,3,2,4.0,3.0,0,1,10.880150282438867,0.9797841270819763,7.578032965556008,0.862213058960807,40.06074645066785,1.3881439709665662,0.5787311107459889,76.09912823858213,2.78058913177552,3.151231609460183,168.55459503412817,6.000974016358696,9.517891917693522
50,3,2,0.0,7.0,0,1,12.138936016457926,1.0931408592568783,8.464064873765217,0.9630239534747623,59.48760410650082,2.030028658836184,0.5693632736241736,90.2879355620433,3.244794288126606,3.3498752789551336,182.6242748236822,6.489066951431093,10.700661459138875
50,3,2,12.0,4.5,0,1,8.236541281086497,0.7417206747860322,5.601454276735044,0.6373219869225603,379.41127137882216,11.998966035698997,0.11065188296751782,39.55659517987328,1.2594479690081593,0.2649275521348796,248.68887185311232,7.867114841122494,0.37919289517932114
50,3,2,8.0,4.5,0,1,6.450558052198891,0.5808885195792161,4.066331065862136,0.4626588143625354,249.1633363961161,7.886230462836365,0.2342543552289733,55.316255823986275,1.7982264867153728,0.7469501352841957,223.71937777657755,7.1030466940479675,1.1126634382361913
50,3,2,7.0,4.5,0,1,6.097460213347046,0.5490911961201472,3.6901044511341863,0.41985252124907524,217.23787487919884,6.8816083879950884,0.2841436334769012,54.01235343659198,1.7822626355464684,0.9133702786090837,213.80331234752498,6.812491055471543,1.4640653416059028
50,3,2,4.0,4.5,0,1,5.582663893668778,0.5027325292260791,3.36656415357702,0.38304076931796094,117.50668717290569,3.7701967644303087,0.4503445587094659,30.583850615000724,1.3185309762123911,1.6629257034117115,170.74831847352124,5.721772285442853,3.378506803084897
50,3,2,5.0,2.0,0,1,12.135131932782416,1.0927982922236479,8.46134188912633,0.9627141378635518,59.42350319561214,2.0279935369687396,0.5692875590589405,90.24383201508792,3.2433789455543285,3.349291942575861,182.57974781732008,6.487450882450297,10.697033347672324
50,3,2,7.0,3.5,0,1,6.883352888507483,0.619862752461149,4.587187470804143,0.5219207885747876,55.39751698523326,1.9032569200058,0.5393644705367477,35.88908746301118,1.3317284887644785,2.2748493733238044,143.19107613826753,5.260714423688134,5.433497159698385
50,3,2,14.0,4.5,0,1,9.244180648098274,0.8324610627395491,6.3198213587004695,0.7190563211506397,446.0853750159726,14.106807107626476,0.07718146843443319,23.711334515101036,0.7548065854001997,0.16431762140049855,255.1956313058371,8.070922584914257,0.2198477691445836
50,3,2,20.0,4.5,0,1,12.223759118627878,1.1007793869388087,8.271897824980702,0.9411595805277108,646.0168325156442,20.42886753177292,0.025121269119262823,36.63732847185268,1.1587974709095452,0.031423453690308856,262.98735579537845,8.316410397224962,0.03422080300703356
50,3,2,8.0,20.0,0,1,18.03003832182173,1.6236490213663501,11.72909719279893,1.3345126387570128,1048.9926493245043,33.172394688776535,0.10949505951842076,152.17506450894595,4.812449960501602,0.07567314428618155,263.3883317990654,8.329085217667608,0.026046471468915255
50,3,2,18.0,5.0,0,1,13.657639999981601,1.2299038651129994,9.141732726831345,1.0401276128554098,741.537543510498,23.449542717288153,0.051951358655506485,67.73938087483211,2.1422707504261114,0.026546945308358716,263.7180388264942,8.33949891017844,0.015116233493563835
50,3,2,14.0,7.0,0,1,15.111270127534613,1.3608068111801501,10.036493809317278,1.141931694927343,842.6154050342469,26.645844707141823,0.014535127212571108,100.17942729547381,3.168095830479933,0.02305693718776619,263.7974701039168,8.342008769936175,0.010015857271729711
50,3,2,0.0,20.0,0,1,12.138936016457926,1.0931408592568783,8.464064873765217,0.9630239534747623,59.48760410650082,2.030028658836184,0.5693632736241736,90.2879355620433,3.244794288126606,3.3498752789551336,182.6242748236822,6.489066951431093,10.700661459138875
50,3,2,16.0,3.0,0,1,8.042671768775895,0.7242622513308304,5.5002123051652445,0.6258028829018752,25.693825223788266,1.0783603936882258,0.5684436732387697,46.02600182292199,1.7000712594850051,2.591618772735009,143.7920554000487,5.287501807246105,6.715409323036875
50,3,2,0.0,2.0,0,1,12.138936016457926,1.0931408592568783,8.464064873765217,0.9630239534747623,59.48760410650082,2.030028658836184,0.5693632736241736,90.2879355620433,3.244794288126606,3.3498752789551336,182.6242748236822,6.489066951431093,10.700661459138875
50,3,2,4.0,4.0,0,1,6.47496201908244,0.5830861564472407,4.251193755679088,0.4836921123171983,68.77791473453036,2.2941493488749445,0.5246968944988125,32.92025487649793,1.2513454804526571,2.142395577276238,148.72147131371878,5.3125363567852695,4.93484055716552
50,3,2,0.5,20.0,0,1,9.237438990538703,0.8318539599978019,6.282103466549238,0.7147648566878849,42.97454252180975,1.5761435903342922,0.5844700108732379,57.05128923421042,2.1252373068670956,2.8996723909359003,152.7726200007139,5.569440912389332,7.483555403042734
50,3,2,6.0,5.0,0,1,6.314732678731565,0.568657112703057,3.930976275061501,0.44725842368705715,237.90577296047985,7.531757238633498,0.2510550775019662,55.09778407787327,1.7992123239166442,0.803561402227999,220.44090943812083,7.0059207640602805,1.2248198886843662
50,3,2,3.0,18.0,0,1,9.330473835026176,0.8402319751472336,5.712917615484995,0.6500040571513916,416.4074543089222,13.173744734498925,0.2814581675488492,15.686687592510927,0.5995846293244289,0.992818280160669,228.49277049925007,7.264992010693315,1.3285384718069007
50,3,2,16.0,6.0,0,1,15.17582404665492,1.366620049384874,10.076837987844238,1.146521972871118,846.7219232937231,26.775706108690798,0.015973814904577388,101.59641910511975,3.2128825441687887,0.02146091514339421,263.7932622936255,8.341875670978988,0.00989692436714884
50,3,2,6.0,2.5,0,1,11.902267745754852,1.0718283029962277,8.295860642439138,0.9438860207841819,55.60501251873758,1.9050519498573586,0.5667306953287337,87.59436297144433,3.1574803175758914,3.3134094295790293,179.87553972417123,6.390285157222919,10.476247632431464
50,3,2,6.0,6.0,0,1,7.235871269357433,0.6516078943107888,4.7938250332319035,0.5454315869055483,309.7977021876664,9.799506099174012,0.16838659914389642,51.423361406242506,1.6480676589046073,0.4681893883629955,237.8091962384654,7.529911302365278,0.6731143239274816
50,3,2,7.0,3.0,0,1,10.020516944882912,0.9023720438493328,6.982146142548774,0.7944142775626836,27.867009542810514,1.0131948097519694,0.5862742754029883,66.43872818854248,2.462744173532232,3.006368771218471,159.93171882997493,5.723692714221881,8.720225097689061
50,3,2,16.0,7.0,0,1,16.66856007168689,1.5010445771058205,11.015383706431514,1.2533077810981121,953.7651603467266,30.160781785709815,0.0960187398577732,134.48037126443893,4.2527229903574435,0.018384652584804928,263.70358015432464,8.339039509313768,0.006062142958551231
50,3,2,3.0,5.0,0,1,5.613332980755287,0.5054943554820966,3.4417682969141925,0.3915973426092086,111.35060622456726,3.58174388086189,0.46271770270693235,29.872939914053497,1.2885825256906633,1.7221049227279623,167.87769702350676,5.657125790758174,3.550703043231663
50,3,2,16.0,4.5,0,1,10.268457015241085,0.9246996532203746,7.00180782015236,0.7966513429420429,513.4581761116631,16.237122885471617,0.05253465072598695,4.955797364656904,0.16497801865924072,0.10067062165514673,259.2687457222047,8.199083694345076,0.12400331484369809
50,3,2,20.0,2.0,0,1,12.12372660037934,1.0917712141629097,8.453178608184698,0.9617853364893914,59.231273335223875,2.0218927143354075,0.5690603723233683,90.11172852022071,3.2391388639081766,3.3475363123359227,182.44626677442142,6.482609939895043,10.686156661057048
50,3,2,5.0,18.0,0,1,12.574692570781574,1.1323818020853391,8.186154299259663,0.9314038579102389,667.7410807352132,21.116464483061534,0.13770099152417803,47.75573252902982,1.524817310104014,0.34395098809846236,254.9991146736547,8.065883437861576,0.3280573345666091
50,3,2,14.0,14.0,0,1,22.39170367171372,2.016427647261368,14.453658918994165,1.6445076877291929,1341.774611423633,42.43125681209562,0.1565161822240042,227.40302279381325,7.191237871405807,0.04056654861161446,263.7118493924653,8.339300906533039,0.0011455480712475596
50,3,2,0.0,4.0,0,1,12.138936016457926,1.0931408592568783,8.464064873765217,0.9630239534747623,59.48760410650082,2.030028658836184,0.5693632736241736,90.2879355620433,3.244794288126606,3.3498752789551336,182.6242748236822,6.489066951431093,10.700661459138875
50,3,2,0.5,3.0,0,1,11.974139235262866,1.0783005063005653,8.347245921534933,0.9497325325209502,56.78439444932296,1.9433885267828745,0.5676014632559335,88.42282329678991,3.184279753560413,3.3246390430196557,180.70882817561255,6.420115940871822,10.544562634575044
50,3,2,12.0,4.0,0,1,6.461350376267598,0.5818603947410795,4.071926427965593,0.46329544319446886,249.5524011339984,7.898338888376422,0.23193165075792677,55.336242306415926,1.7983744416298533,0.7449050344256037,223.8422178665649,7.106696047799967,1.1088477959975283
50,3,2,0.0,3.0,0,1,12.138936016457926,1.0931408592568783,8.464064873765217,0.9630239534747623,59.48760410650082,2.030028658836184,0.5693632736241736,90.2879355620433,3.244794288126606,3.3498752789551336,182.6242748236822,6.489066951431093,10.700661459138875
50,3,2,6.0,8.0,0,1,8.399257932696438,0.7563737069887834,5.699795572661941,0.6485110580137915,392.1867721155241,12.40312381465225,0.11965193900330329,35.306259507860254,1.1271486809652052,0.27198150253405995,248.70976122913407,7.867897607913783,0.38666892960620775
50,3,2,3.0,4.5,0,1,6.12063273200105,0.5511779380650954,3.965128578997121,0.45114420283063333,81.39488367646669,2.670843137011136,0.5088773292485368,30.90129529101137,1.2198040278158604,2.016480193404873,154.29855292959644,5.39034303068118,4.490527072146796
50,3,2,12.0,3.5,0,1,5.596538619259535,0.5039819821792597,3.361549350160178,0.3824701952634833,117.67614409954535,3.7731103666045542,0.44363945029472907,30.638248881317278,1.3157571536894779,1.6594600303295017,170.85086152049348,5.724022612629817,3.3738221882060184
50,3,2,2.0,12.0,0,1,6.534532353187507,0.5884506106400583,3.716284035064228,0.42283118065122344,188.86659495471707,6.001435166204905,0.42053933713663616,27.606502197182373,1.195388715635461,1.5786516397313493,185.7928124371668,6.109709682816376,2.924071739652663
50,3,2,7.0,14.0,0,1,13.780951678810817,1.2410083832000065,9.09392703892434,1.034688379667408,757.1254617307532,23.942525895021166,0.07780564822685543,70.97371224688376,2.2457868129813496,0.11550107494214085,261.35144227486717,8.264838815282788,0.09786061175289029
50,3,2,1.0,5.0,0,1,8.665450402257541,0.7803449895220479,5.991638292199488,0.6817163244848706,20.66809119713023,0.8548525581590507,0.5896674401309966,52.36707241826289,1.9485671782147764,2.741847284545688,147.88424144271926,5.384226763313264,7.3785617888123305
50,3,2,9.0,4.5,0,1,6.8594378623708305,0.6177091459024913,4.456800368542005,0.507085611319495,281.4363871308797,8.904018514815583,0.19501667366666675,54.2919369546116,1.7491209471397873,0.5923473771358557,231.93725553747828,7.350370829939245,0.8476143105301271
50,3,2,18.0,3.5,0,1,5.832316029925934,0.5252143143160952,3.3675974012189145,0.38315833011692174,185.2495461053286,5.877126149969545,0.33255873631004507,49.78208100464969,1.6909024517595062,1.1066977854426456,201.94789425711542,6.48025964432335,1.9277369223720504
50,3,2,4.0,3.5,0,1,8.543298209061817,0.769344885950446,5.8952242662543775,0.6707465342220539,20.969118248783285,0.8744990094845341,0.5823587678498705,51.04819537902763,1.8964664042286115,2.7127988351997403,146.96168172881087,5.361503388660468,7.251100013785241
50,3,2,10.0,4.0,0,1,6.003599307126634,0.5406387920925372,3.576926879688793,0.40697540913763064,206.85713365549162,6.555236891196328,0.29898318485071385,53.018515371146975,1.7617639230348274,0.9721333626679637,210.18624514704754,6.709145012559209,1.6007091719017676
50,3,2,14.0,6.0,0,1,13.691459542944505,1.2329493976212869,9.163926942705347,1.042652825248512,744.1889202103062,23.533386372615638,0.05160915054610138,68.5751538645905,2.168754627960822,0.028365451074991388,263.72307916539916,8.339658190407354,0.014922927682935239
50,3,2,2.0,18.0,0,1,8.011995858774156,0.7214998106546193,4.5440266750745675,0.5170100416986093,278.0464740536112,8.810192174442426,0.40698338289407876,25.235320650497243,0.990962447558818,1.610108752293886,198.61230804887492,6.46134305497782,2.6465960351680153
50,3,2,4.0,8.0,0,1,6.586290333094707,0.5931115432417663,4.145251106079872,0.4716381747847887,258.27477736161643,8.174654098361271,0.24043389902818224,52.1629822628819,1.7044252471449468,0.759788844633121,223.82131972399418,7.107213237266015,1.1306021981304126
50,3,2,3.0,14.0,0,1,8.095384576444983,0.7290091685063642,4.9248657532965145,0.5603411314547577,339.56650865485113,10.745276592090446,0.2809521236873249,21.21317958201513,0.885634448964984,0.9970570006990584,222.22669440100728,7.075773191707679,1.4505738615001151
50,3,2,3.0,9.0,0,1,6.19154599278324,0.5575638505304921,3.6323871059093458,0.4132855600062832,212.62600245050214,6.740357864248524,0.32880486554293054,45.77559224254405,1.572352837476392,1.080435667379834,206.525961155397,6.612263342554034,1.8101529257905962
50,3,2,9.0,10.0,0,1,13.13942183332358,1.1832370525344478,8.788969592976223,0.9999909465051455,711.5444355235215,22.501076701164262,0.06508224975335386,57.267946554805164,1.811453078961117,0.04455739262886593,262.88246680290115,8.313102241813029,0.03973517822872652
50,3,2,5.0,6.0,0,1,6.531598229761544,0.5881863856537272,4.152220903863091,0.4724311840913359,256.5312004941638,8.118753783686188,0.22859539312288346,55.1096906464103,1.7881586988842302,0.7134263071817365,225.61398457769593,7.159664849264283,1.049788669750186
50,3,2,1.5,2.0,0,1,12.13779467617385,1.0930380787745406,8.463247877098262,0.9629309972685043,59.46837279371092,2.029418051585152,0.5693405587085859,90.27470061643892,3.2443695867174926,3.3497004264804,182.61091543700115,6.488582017833,10.699572892028105
50,3,2,9.0,8.0,0,1,11.46940023956283,1.0328475260136663,7.776856902599951,0.8848348390101249,596.5028852931504,18.863125038091063,0.030347179032586435,20.857129526497097,0.6609292899503951,0.06313711843910863,261.65841780634287,8.274451351076516,0.06889579600424967
50,3,2,9.0,2.0,0,1,12.132089509040208,1.0925243145291226,8.459164164399972,0.9624663608076294,59.37222932047844,2.026365927582486,0.5692269747398229,90.2085840277886,3.2422474804947385,3.3488239893313647,182.54413606096153,6.486158837727203,10.694131750701334
50,3,2,10.0,18.0,0,1,20.154131279523085,1.8149287840881467,13.054820355416203,1.4853507030107445,1192.6843899156872,37.71622222693032,0.08492172459992231,190.14601759392733,6.013017343300052,0.040637974948045275,263.69878856024866,8.338888020757693,0.0037454891612138663
50,3,2,0.0,12.0,0,1,12.138936016457926,1.0931408592568783,8.464064873765217,0.9630239534747623,59.48760410650082,2.030028658836184,0.5693632736241736,90.2879355620433,3.244794288126606,3.3498752789551336,182.6242748236822,6.489066951431093,10.700661459138875
50,3,2,4.0,6.0,0,1,5.9626771712921744,0.5369536537354309,3.543703816349033,0.4031953570844892,203.83388742618405,6.461184998611827,0.3103152283134858,52.466611066914055,1.750425222162314,0.9938948707748445,208.94060304375034,6.6740731759835406,1.6487610251414986
50,3,2,2.0,3.5,0,1,10.108974044893204,0.9103378219192988,7.045522961301061,0.8016251621038285,29.27578617161223,1.0518012793305855,0.5881427040361935,67.49754869831878,2.4976807222547053,3.0228834633992223,160.78688629996054,5.750508538577738,8.803949012196961
50,3,2,7.0,5.0,0,1,6.822891325837908,0.6144180409576842,4.4264010940589475,0.50362684417486,278.99041994401745,8.826903967902322,0.19892536757415802,54.43142537711017,1.7547242000955183,0.6035926559383964,231.3574322694945,7.332767377299199,0.8653761485544613
50,3,2,2.0,9.0,0,1,5.806161269255568,0.5228590141881352,3.419365081553418,0.38904835068286453,136.29377296934692,4.356348240714847,0.44605232540899875,29.98346684429556,1.2992921656611438,1.6321830839059117,174.99077398079217,5.832455957410529,3.235711218908915
50,3,2,10.0,6.0,0,1,10.487450588363927,0.9444205597619919,7.148622616210232,0.813355629527378,528.6996709534267,16.719076823467102,0.04760082571415669,1.2651981698682468,0.05113266258997939,0.09426033499579911,259.9013716298675,8.21902332404459,0.10916847905310756
50,3,2,1.5,14.0,0,1,6.922497664398184,0.6233878352109521,4.076323712621864,0.46379575723002897,162.3238461637563,5.1752356140262945,0.479756017919474,30.358168317026163,1.1849831056104108,1.9594731233358558,171.0257217828136,5.802859107089314,3.8976740715583076
50,3,2,5.0,8.0,0,1,7.453186257746514,0.6711776401941975,4.9345627309567295,0.5614444336981091,324.9507924378229,10.278582180245191,0.1679860303295979,47.29860785900369,1.5188896519000439,0.45774913716216614,238.7530598402405,7.559313675248391,0.6592008949588124
50,3,2,5.0,14.0,0,1,10.864489896225237,0.978373871025049,7.140392326136389,0.812419203991496,555.5230131010526,17.567977396646405,0.11664939736939406,15.666996895981569,0.5293584739264986,0.34056648003721945,251.882868196449,7.968218681733037,0.3885309937604478
50,3,2,16.0,8.0,0,1,17.82165962463732,1.6048840103487318,11.710654180122953,1.3324142305753535,1034.5265158723064,32.71466238285766,0.08587010237424408,157.24955720192582,4.972718530582091,0.016992273481833686,263.6798194349239,8.338288081929388,0.0037447047414047585
50,3,2,10.0,3.5,0,1,5.866390159998642,0.528282773015903,3.7127442954447796,0.42242843633233734,93.88207423216564,3.0446629967368852,0.48360527492673944,29.760407655071504,1.2214197152559971,1.8895750554667483,159.92287362595812,5.4900643815596055,4.078632379701914
50,3,2,5.0,4.5,0,1,5.6312990902595335,0.5071122475571803,3.195367056624076,0.36356231451050325,151.80064890358952,4.832851131064408,0.39277854626388575,41.49753642843299,1.5211879254511076,1.358852400646996,187.44539854137332,6.10468048431476,2.551673742996121
50,3,2,12.0,9.0,0,1,15.3223175207803,1.3798121448011305,10.1592032264654,1.1558933209064692,859.4731689780176,27.17894554170928,0.02567395060582056,104.66278493017275,3.3098802786735106,0.023850733745086727,263.78995203723633,8.341771132273111,0.009440980179695746
50,3,2,8.0,9.0,0,1,11.196034974758252,1.0082303157363972,7.577963176503732,0.862205118505478,579.4145091314191,18.322782529425684,0.04022974285608383,15.899929719859816,0.5058438256971485,0.09245215315500377,260.49620766775615,8.237799036547168,0.10048133848250718
50,3,2,0.0,14.0,0,1,12.138936016457926,1.0931408592568783,8.464064873765217,0.9630239534747623,59.48760410650082,2.030028658836184,0.5693632736241736,90.2879355620433,3.244794288126606,3.3498752789551336,182.6242748236822,6.489066951431093,10.700661459138875
50,3,2,0.5,3.5,0,1,11.597021527620763,1.0443401349456167,8.081502285925861,0.9194967663268331,50.86022392699007,1.7482522197806625,0.5698353919596398,84.20796918139203,3.046774489456135,3.267047266248789,176.40932579925587,6.268098336803992,10.189459447376127
50,3,2,20.0,3.0,0,1,7.3681249180305315,0.6635176586389274,4.971637363627461,0.5656627094155907,41.347261759762794,1.5087618127923368,0.5509782232766949,39.837086050354046,1.4651614471374097,2.4141671404350467,141.6522755329122,5.245099696048789,5.983891313732852
50,3,2,20.0,12.0,0,1,25.966762077506836,2.338370395151603,16.642375898478274,1.8935354196825853,1564.8760633476538,49.486598428185054,0.22838772054283485,269.6816469469842,8.52853195654416,0.06126423426911087,263.70914695313616,8.339215442366902,0.00020946994609438718
50,3,2,2.0,3.0,0,1,11.492762725911934,1.0349513750138926,8.007368997443438,0.9110620327061455,49.21746860221364,1.6936398469435614,0.5706708428721466,83.00873447052751,3.0077498082132177,3.25038716723496,175.22497511753042,6.2271600198178145,10.090838590741804
50,3,2,4.0,20.0,0,1,11.428331044576662,1.0291491446204948,7.311565507541835,0.8318949377369765,578.5996240396325,18.298686464575923,0.18372728469475774,28.293331706359663,0.9543428857749378,0.5928329457577408,246.9386138737109,7.817168361984465,0.6371082212332121
50,3,2,12.0,5.0,0,1,9.907992055261241,0.8922389024964128,6.766024490323113,0.7698243989332128,489.77656989727257,15.488290099701391,0.060593701762912344,11.738095377953684,0.3763139789416026,0.11689908554441764,258.05731265631584,8.160925060393582,0.15215330789578974
50,3,2,10.0,9.0,0,1,13.33229584302609,1.2006058285465024,8.926503894642996,1.0156393174598695,722.8045172613017,22.85715346030291,0.05853640929116777,61.13583229892363,1.9336571526748552,0.03283594765094494,263.35218849968226,8.327937859056101,0.025067481035181194
50,3,2,7.0,7.0,0,1,8.773367873398282,0.790063221578933,5.994475930029807,0.6820391851012104,416.5811087342348,13.17406978623309,0.09503448378986334,30.778176883957105,0.9802839205820241,0.21037070070946073,252.29601075240151,7.979967971228939,0.29138649488380297
50,3,2,20.0,3.5,0,1,6.011728104572246,0.5413708101715825,3.5768001709975232,0.4069609924824388,206.77775957071492,6.552373780632412,0.2961697762220239,53.027360547291835,1.761498205903036,0.9719947288509415,210.1761514716585,6.708842485377753,1.6016750293503679
50,3,2,14.0,2.5,0,1,11.593687164894506,1.0440398674319966,8.077302339819987,0.9190189050670741,50.71223805770665,1.7438086501769494,0.5680963953008852,84.1059936327035,3.0437187394923444,3.2654734796136107,176.35318193959844,6.266109302198951,10.18481029118873
50,3,2,1.5,9.0,0,1,6.174899892505981,0.5560648285127725,3.933114270898779,0.4475016804714079,95.66804214975346,3.1079851308638897,0.5063483470947979,30.59419834667188,1.2188609951393394,1.991791661376297,157.75419911959648,5.468446925671593,4.346579242996743
50,3,2,0.5,10.0,0,1,9.153962445838083,0.8243366931073502,6.341565623067236,0.7215303389834649,20.02014566790949,0.826987028911123,0.5923668057001076,57.3297070137163,2.1358833936662527,2.8519100961107573,152.14449013022158,5.505133362085248,7.8236285479939776
50,3,2,7.0,2.5,0,1,11.863267433861536,1.0683162295824997,8.268188123257447,0.9407374982690062,54.9773783357444,1.8845554925608454,0.5666071427900736,87.15081495139455,3.1431036213867998,3.3074126813197573,179.42827875632088,6.374287681232034,10.43936466264951
50,3,2,3.0,6.0,0,1,5.6181798709985165,0.5059308297956628,3.1981290194546586,0.36387656498047566,149.67311804976146,4.767778782815334,0.4009846121817804,40.652321130221154,1.5066181952421203,1.3807317188560366,186.32064098609362,6.077597697901602,2.603944355144324
50,3,2,12.0,20.0,0,1,23.660520713349225,2.130687723206469,15.197869149962289,1.729182402482941,1416.630107044899,44.79895329300211,0.23520561492779057,238.8888511136392,7.55452617979541,0.04941170565590197,263.71161028782683,8.339293342680847,0.0008110640709213524
50,3,2,5.0,12.0,0,1,9.729436041848677,0.876159497047479,6.425675568614402,0.7311001961969228,479.26181537724653,15.156687559153294,0.12276818662934907,6.980224807564882,0.29387143539646776,0.34610554499080504,249.03655880850488,7.879137008785655,0.44143314644454623
50,3,2,3.0,8.0,0,1,5.931114381130379,0.5341113473330221,3.436382942478582,0.3909846080192931,191.9288535290066,6.089654568897422,0.345685604088521,47.261341769640396,1.6260021820044828,1.1300830506278723,201.96165727418568,6.483789005715926,1.9566995627690096
50,3,2,16.0,10.0,0,1,20.052953978131544,1.8058175207920482,13.0589341458835,1.48581876165853,1189.0942898741127,37.60256128939441,0.05978680920688895,196.60787625614637,6.217334023472778,0.029746419036149052,263.70033966668956,8.338936940356094,0.002173902331345179
50,3,2,18.0,2.5,0,1,11.442344100941137,1.030411054597968,7.970431923911993,0.9068594081855922,48.36572164395107,1.665653234480178,0.5700689931944599,82.39108659892793,2.987681672859177,3.2416353283254695,174.65520648082122,6.207188030944873,10.04228804080774
50,3,2,16.0,14.0,0,1,24.507314607773548,2.2069435832018973,15.72930916245088,1.789648557869788,1472.6690156406494,46.57089995392352,0.2322120361007145,252.89601415961818,7.997558063347902,0.05040097651921155,263.71405279653067,8.339370578942269,0.00043745333203193404
50,3,2,1.5,4.0,0,1,9.282852719439434,0.8359435772892432,6.440253523431026,0.7327588460171287,20.941947030244776,0.8204892206282182,0.5918899841208503,58.48319839369589,2.1781759724550223,2.8663374168347246,152.89766715376578,5.5165347553845105,7.987577695271538
50,3,2,10.0,7.0,0,1,11.595877186570007,1.0442370842369046,7.868430476326116,0.8952538925404123,604.0618739934175,19.10215311420367,0.02661092929772968,23.12975020366493,0.7323239472718571,0.05085442927476558,262.1380297612383,8.289587842765343,0.0559425959782458
50,3,2,2.0,10.0,0,1,6.008723405958551,0.5411002297170905,3.478438715734602,0.3957696277032731,152.60915346462855,4.865247903628941,0.43626493179283576,29.45459667527851,1.2774600817911943,1.599504817215411,178.8189167997417,5.928824339662777,3.1079155245785075
50,3,2,14.0,12.0,0,1,20.416629081512788,1.8385673527757997,13.270437517791239,1.5098831818190086,1214.3061572527163,38.39986296733855,0.05971569452473258,200.51417589915368,6.340869189585918,0.03237264169087123,263.69735212157474,8.338842466240232,0.0019005543243737488
50,3,2,9.0,20.0,0,1,19.542653343439394,1.7598637013196987,12.662942715500083,1.4407636683295582,1150.3861464385336,36.378676127596535,0.09143364632758999,178.63663794695745,5.649074196019305,0.047263659172934014,263.65201185190654,8.337410399802378,0.009329106868781523
50,3,2,7.0,6.0,0,1,7.999376869587914,0.7203634398340384,5.419558201174542,0.6166262242576536,363.56379286518234,11.49814927154753,0.1234780563828104,42.67550505887607,1.3600738075190963,0.29920301286666096,246.5634564770143,7.800855057222993,0.43390476764169567
50,3,2,8.0,18.0,0,1,17.283875721804776,1.5564552554035005,11.288326525446942,1.2843626556248307,999.9394015075196,31.62116056641833,0.11275856734224599,139.611125171329,4.415167823696677,0.07170473375180697,263.3140035492403,8.326738699004649,0.029418590777489984
50,3,2,1.5,2.5,0,1,12.079328374408908,1.087773045392517,8.421655484858643,0.9581987001268294,58.496412248909586,1.9984749990134831,0.5684723418643695,89.60845417355691,3.2228474112403234,3.340773713650871,181.92942462444427,6.463921432896608,10.644041473500726
50,3,2,9.0,6.0,0,1,9.650503289764352,0.8690514097884321,6.596552911896738,0.7505422700871026,473.27447695110686,14.96650472127844,0.06708148700223115,16.350293273604954,0.5220331421634364,0.1324285797766449,257.03399761907156,8.128719531462915,0.17632945880192047
50,3,2,6.0,4.0,0,1,5.588194394003774,0.5032305642993443,3.3628843171949434,0.3826220850765639,117.72274594166709,3.775886280548611,0.4473503286665046,30.627031125978633,1.3181454766941685,1.6601200889711696,170.8583783945543,5.724263515955742,3.372561492094768
50,3,2,18.0,9.0,0,1,20.557577025688115,1.8512600596652184,13.365303286790784,1.5206768145798506,1222.5762070343676,38.66134639835263,0.049209451592682196,205.72098944339024,6.505528042864105,0.031727774318311364,263.71299742352517,8.33933721405571,0.0016234282115845655
50,3,2,0.0,9.0,0,1,12.138936016457926,1.0931408592568783,8.464064873765217,0.9630239534747623,59.48760410650082,2.030028658836184,0.5693632736241736,90.2879355620433,3.244794288126606,3.3498752789551336,182.6242748236822,6.489066951431093,10.700661459138875
50,3,2,0.5,4.5,0,1,10.582974570372267,0.95302272782933,7.375160550255676,0.8391306513531973,36.04921475326485,1.2560900956150851,0.5858838582726573,72.88440031851229,2.6745148571571375,3.1041785383379334,165.50367352634836,5.900743354296505,9.244560836864752
50,3,2,4.0,2.5,0,1,11.980639912281655,1.0788859081555908,8.351511309202097,0.9502178395874246,56.87602797932669,1.9463314533371914,0.5672904745310949,88.48452987920699,3.1863438200094434,3.3254639354525084,180.78060880974354,6.422678153502568,10.55043063095384
50,3,2,2.0,14.0,0,1,7.103096547144446,0.6396512060367329,4.015572347883102,0.4568835914654388,223.95885761544525,7.105070968576364,0.4098469604519974,26.132268453989163,1.1011358657548336,1.5831712281397095,191.35561474473099,6.260238213700789,2.7986407102591273
50,3,2,1.5,3.5,0,1,10.583090066210888,0.9530331285119021,7.373080074178001,0.8388939390492024,35.90097187145975,1.2522210083478749,0.5837889340190088,72.81291527930247,2.672315507498003,3.1030425600967257,165.485166229936,5.900104596684839,9.242917378949766
50,3,2,1.0,20.0,0,1,8.029333271902946,0.7230610870843822,4.964170373714327,0.5648131306075418,134.28711842180402,4.310335850880896,0.5454271712786921,40.892535028052045,1.5099537805690737,2.4481371558343046,156.72622514498767,5.610799598246456,5.2488318827352
50,3,2,0.0,18.0,0,1,12.138936016457926,1.0931408592568783,8.464064873765217,0.9630239534747623,59.48760410650082,2.030028658836184,0.5693632736241736,90.2879355620433,3.244794288126606,3.3498752789551336,182.6242748236822,6.489066951431093,10.700661459138875
50,3,2,16.0,20.0,0,1,28.15934610314866,2.5358179459528785,18.05265939641927,2.0539945855754373,1692.7366193791368,53.52976546071783,0.22184544664627115,283.4522365823597,8.964153945581355,0.07403660177198479,263.71048702194366,8.339257818688456,0.00011560451962289164
50,3,2,8.0,2.0,0,1,12.132850041010558,1.0925928022920066,8.459708539112174,0.9625282986466388,59.38504664941178,2.026772771911759,0.5692421262114282,90.21739202773973,3.2425302103372196,3.348940919842388,182.55303795100275,6.486481774471725,10.694857085158969
50,3,2,7.0,8.0,0,1,9.432876842480729,0.8494536162702768,6.427550321726878,0.7313135017635852,460.24860500959585,14.554773169355194,0.08398850622573373,19.00155084561752,0.6081816152939994,0.16732598204143068,255.19083159566802,8.070815452187372,0.22491265067187555
50,3,2,2.0,2.5,0,1,12.059526136259533,1.0859898054449244,8.407574199252236,0.9565965603113937,58.16963184523253,1.9880032860771197,0.5682025372066345,89.38370773687706,3.215546574049642,3.3377399110288453,181.6987043238969,6.455605513450326,10.62523638461423
50,3,2,2.0,7.0,0,1,5.669479717171917,0.5105505063348346,3.5115519806975084,0.39953718712213776,108.66758958520015,3.5016546111853875,0.4735333593146275,29.547282878993016,1.2684975949792971,1.7659225382841721,166.14985020160674,5.620842382517219,3.673043348793608
50,3,2,10.0,5.0,0,1,8.593644138858355,0.7738786599882412,5.874069772149227,0.6683396192408082,404.2244016055561,12.783354656494788,0.09764731638923219,34.09989864086826,1.0851811283953354,0.22200245379525052,251.46183408104451,7.953816713429445,0.3101214805271041
50,3,2,12.0,2.0,0,1,12.129808153285662,1.0923188728671502,8.45753127579185,0.9622805740885493,59.33378051604568,2.0251455724249925,0.5691815124518312,90.18216547408367,3.2413994782623847,3.3484729830562827,182.5174346564761,6.485190324956534,10.691956056207259
50,3,2,20.0,5.0,0,1,14.820429698679488,1.3346159196659118,9.855360591457194,1.1213227286480445,821.7729733097253,25.986753230605466,0.016215607475046134,93.58943273692807,2.9596733119349343,0.022703161493612067,263.8056827371286,8.34226857531555,0.010634145081519275
50,3,2,20.0,4.0,0,1,8.916125404921665,0.8029188862321848,6.092800979239238,0.6932264076742274,424.3728546054297,13.420319677986106,0.08643351670506627,29.234957594693963,0.9302649122519877,0.19382556519779082,253.41074759127682,8.014892128823464,0.2627845177757897
50,3,2,20.0,8.0,0,1,20.91151845877028,1.8831333508467092,13.57488371875106,1.5445224465743452,1245.393379827784,39.3829033520065,0.06019149269373747,211.79674422389394,6.697673533812763,0.03333157624323918,263.719019178852,8.339527637544577,0.0012077883990044835
50,3,2,18.0,20.0,0,1,30.02356905558839,2.70369577950546,19.31720642410855,2.197872154583053,1802.236540112755,56.992233001825,0.19634184941794697,295.7061500113988,9.351815875070702,0.08421706332163514,263.71146728559734,8.339288817338842,6.18103584988372e-05
50,3,2,1.5,3.0,0,1,11.651098979102455,1.0492099416320488,8.118923987797727,0.9237545308666701,51.66256325973466,1.7751223770837394,0.5685157351525458,84.79022941056371,3.0659097234190456,3.274993238049694,177.0163192482101,6.289184049792014,10.23979562623512
50,3,2,0.0,5.0,0,1,12.138936016457926,1.0931408592568783,8.464064873765217,0.9630239534747623,59.48760410650082,2.030028658836184,0.5693632736241736,90.2879355620433,3.244794288126606,3.3498752789551336,182.6242748236822,6.489066951431093,10.700661459138875
50,3,2,14.0,10.0,0,1,18.2494827070604,1.6434105246409094,11.959095845279471,1.3606814140333237,1065.2158657727805,33.68517679322324,0.07466280925976143,164.12822819302087,5.190235363320669,0.016875379825516068,263.6883452230445,8.338557693637446,0.00371644348457556
50,3,2,8.0,3.5,0,1,6.4830732435109635,0.5838165920331437,4.250163599319846,0.48357490323804186,68.74186563585624,2.290606054749926,0.5211778357723446,32.91547674815237,1.2481722167930465,2.141632149326741,148.71822299713182,5.312468328443704,4.936146298365683
50,3,2,1.0,12.0,0,1,7.352690621769974,0.6621277625349018,4.812182970357222,0.5475203153654238,78.14806498487076,2.5832574000529585,0.5476464479934882,38.80311399691793,1.4377080820129784,2.3733312139713343,146.46728817464847,5.381785500192646,5.564532631660137
50,3,2,10.0,20.0,0,1,20.946922424655373,1.8863215645119151,13.540320790859203,1.5405899474786393,1244.8129710236278,39.364842537619744,0.1115016454282296,201.73487392095498,6.37950746651545,0.0444679722836801,263.69559964572704,8.338787136771362,0.003244710341728352
50,3,2,2.0,5.0,0,1,6.607100695059442,0.5949855672030702,4.370380779164683,0.4972529675648646,64.01459729145829,2.1578837557667314,0.535734228564966,33.91624687810042,1.2796850564345428,2.1913378351288912,146.59215730704176,5.290106060043558,5.109888398285188
50,3,2,0.5,4.0,0,1,11.077508831284915,0.9975567468053819,7.718219949351379,0.8781632466512121,43.10052091180077,1.4880308480774207,0.5784743300931642,78.39894394923328,2.856091479198557,3.184663793740729,170.70120473570077,6.072231896617799,9.703843040311257
50,3,2,2.0,20.0,0,1,8.353107031590792,0.7522177055384334,4.743187179009404,0.5396701156389491,297.2466387152709,9.416331850371506,0.4103355143173766,25.38536874533353,0.9732571359066037,1.622274259266431,200.8914597838184,6.525278259561505,2.5995609054381354
50,3,2,3.0,3.5,0,1,9.286297038957407,0.8362537466807225,6.43989654872824,0.7327182301670975,20.857220215298977,0.8158015858708209,0.5897510521488403,58.45407375752147,2.1767719155767367,2.8657487209380967,152.90372289718846,5.5167030327181665,7.988382347008642
50,3,2,6.0,12.0,0,1,11.045749805913166,0.9946967689426627,7.364621053197322,0.837931488979545,571.3715410261152,18.06873578542721,0.08179432442335388,16.491575736626842,0.535657164782804,0.19889693740580128,256.2274192845487,8.103670159093433,0.23452121010257176
50,3,2,0.5,2.5,0,1,12.119039856948056,1.0913491614612032,8.449900972300215,0.9614124137962644,59.155024202454264,2.0194893840770085,0.5690534734543158,90.0601531197232,3.237468984915579,3.3468516741917202,182.39225429860727,6.480652939936931,10.68175178202131
50,3,2,0.0,6.0,0,1,12.138936016457926,1.0931408592568783,8.464064873765217,0.9630239534747623,59.48760410650082,2.030028658836184,0.5693632736241736,90.2879355620433,3.244794288126606,3.3498752789551336,182.6242748236822,6.489066951431093,10.700661459138875
50,3,2,7.0,9.0,0,1,10.107546225043647,0.9102092432518528,6.851622091800371,0.779563518589312,505.7982235756751,15.995041379827914,0.07025419240056197,5.600852370451616,0.19590199362894406,0.1444784129155504,257.05683019255787,8.129501133884059,0.18533624805837356
50,3,2,10.0,2.5,0,1,11.747010151608546,1.057846977150112,8.185774742697397,0.9313606727425198,53.12329632979062,1.8236374028275446,0.5668329014420802,85.83471632276476,3.100230936376174,3.289412938461762,178.09888263199346,6.327123697994715,10.329477555685338
50,3,2,0.0,4.5,0,1,12.138936016457926,1.0931408592568783,8.464064873765217,0.9630239534747623,59.48760410650082,2.030028658836184,0.5693632736241736,90.2879355620433,3.244794288126606,3.3498752789551336,182.6242748236822,6.489066951431093,10.700661459138875
50,3,2,16.0,12.0,0,1,22.41633009302043,2.0186453166939393,14.471167300422673,1.646499755483126,1343.8295891503712,42.49627631325272,0.16363754661856866,229.75168323151047,7.265516750747969,0.03962345200280343,263.71661045044937,8.339451464514445,0.0009268381271334558
50,3,2,16.0,2.5,0,1,11.517769297854812,1.037203277940446,8.023668059044219,0.9129165065286897,49.531159788977185,1.7045105210740013,0.5690391614681498,83.24519525058349,3.015646835271576,3.253554525029201,175.49127168073625,6.2363875175291925,10.113278639070982
50,3,2,18.0,8.0,0,1,19.410825032296344,1.7479922396757857,12.670252130583705,1.441595318596469,1143.5847628601903,36.16340585566981,0.06309419190193521,186.79257302980812,5.906939908637645,0.02637583016876166,263.69756478557866,8.338849193966992,0.0025216825368632456
50,3,2,18.0,4.5,0,1,11.262468556341895,1.0142128221403683,7.651644820105605,0.8705884648973433,580.3248428254064,18.35155978202611,0.03772183188813827,15.543611401330597,0.49252360669810386,0.06030797418120981,261.68350884113147,8.275239350595186,0.06682081652147498
50,3,2,12.0,14.0,0,1,20.144523715877956,1.8140635994983143,13.086107021062388,1.4889104357031322,1195.2216829454378,37.79639257624433,0.0688868461810137,193.73409660220858,6.126460425810411,0.03055516601501984,263.6980271328375,8.338863834118794,0.002532157853347261
50,3,2,1.0,2.5,0,1,12.099171809920213,1.089559995263249,8.43576446481451,0.9598039909485844,58.825407182892235,2.0089708181154613,0.5687577870571064,89.8333928557021,3.23015802665491,3.3438157219155062,182.16059967614234,6.472270163184978,10.662880172201557
50,3,2,9.0,9.0,0,1,12.257309218221764,1.1038006554131206,8.267253178039345,0.9406311221183449,651.4098479717695,20.59941868534904,0.029756959614416267,38.41744425271122,1.2155643129710945,0.05080934864138231,262.4125257778036,8.298259651165017,0.051224538685277654
50,3,2,12.0,10.0,0,1,16.292565482584088,1.4671853453205537,10.76341750733037,1.2246395833917718,929.7554473354837,29.401502558817143,0.07205693155088477,125.39119994021632,3.9653294002897037,0.021676126401946827,263.76359202099195,8.340937306003774,0.007571260939098101
50,3,2,0.5,8.0,0,1,9.308140024647043,0.8382207609324767,6.46338735480533,0.7353909659360289,20.865816203565913,0.8265058682583112,0.5960763359797054,58.909963255820145,2.1946230457296814,2.876511276775056,153.25815446979624,5.528514427860659,8.010258227483408
50,3,2,16.0,18.0,0,1,27.274190143119444,2.456107488182048,17.471753561905135,1.9879003103431754,1640.632902683432,51.882183653364706,0.2283414623483413,277.2318545836945,8.767376387533062,0.06820635407851583,263.7100702450628,8.339244639254156,0.00017818306874972656
50,3,2,7.0,4.0,0,1,5.6043010923957235,0.5046810118588417,3.2047624845537053,0.36463130704356184,140.75617079816962,4.488513565433813,0.40833016081426576,37.89222179358228,1.4536397770108143,1.4515925352998587,182.1902893259577,5.97938396697182,2.795383280077672
50,3,2,4.0,5.0,0,1,5.640413429759919,0.5079330161072,3.2005789638793973,0.36415531463574097,155.14797058067072,4.937626227360142,0.38920900640972667,42.49161547320813,1.5412144150530958,1.332215791744601,188.98256799464434,6.142536398542891,2.481901771978618
50,3,2,16.0,3.5,0,1,5.695573641252866,0.5129003279792158,3.2237756968625924,0.36679459137077824,163.18851175847914,5.18684095037125,0.36882614873017006,44.788350897940106,1.584473409578953,1.2659032180486793,192.64494755035582,6.234658539466769,2.3209076650689204
50,3,2,1.0,14.0,0,1,7.497087898416846,0.6751310902445221,4.824286972558553,0.5488974839276499,96.0969184456637,3.1279427581815034,0.5435382904510833,39.16632147205894,1.4493000501304811,2.384117272554462,149.78630989879002,5.456719873974367,5.444050059334334
50,3,2,0.5,5.0,0,1,10.189914451196875,0.9176267033480696,7.1046939583100865,0.808357516867235,30.64325927807087,1.0904167428161151,0.5908228010505214,68.51725861692756,2.5309759096066045,3.0385304570264355,161.6024623882828,5.775904816054862,8.88147358942829
50,3,2,1.5,12.0,0,1,6.527802049364084,0.587844530330003,3.953994536832874,0.4498773943334061,135.66998074873464,4.342934783104191,0.485622218421645,30.105012847028036,1.1949105148348864,1.946838944590794,166.35316140713337,5.678362001165398,4.027696802416305
50,3,2,4.0,9.0,0,1,6.966480575799112,0.6273486038892154,4.431984322332422,0.5042620924444874,285.47685703642526,9.033296228997067,0.2241034132000599,47.77045653003829,1.5628510332836134,0.7003378497728764,227.90917190297668,7.230526762246312,1.0193458635655899
50,3,2,9.0,3.0,0,1,9.527810628880756,0.8580026357804823,6.615035625876673,0.752645195401755,21.95564031152848,0.8524676728945907,0.5875979849873049,60.93146104462454,2.267517889252511,2.911926289027898,155.07932259835127,5.578458666483948,8.22632979018579
50,3,2,4.0,10.0,0,1,7.415449771285959,0.6677793773498346,4.748947883180359,0.540325556752439,316.5611390207865,10.015101931954154,0.21047370371892038,41.180356177655185,1.3568418188815592,0.6577448878401044,231.34255653855251,7.335218536963048,0.939206289206945
50,3,2,18.0,14.0,0,1,26.369024955102585,2.3745951505227474,16.894167127095013,1.9221837096058279,1588.2825821170381,50.226765254866926,0.22912907982775232,271.76571892114725,8.594459817666717,0.06322000850798748,263.70962869750133,8.33923067645797,0.00021758119386561248
50,3,2,9.0,4.0,0,1,5.824008307298198,0.5244661835870561,3.367996736763625,0.38320376569672476,185.31693844531577,5.8797441798323975,0.335566201290487,49.77983348160504,1.6916737267327715,1.1073525245940918,201.95839421164857,6.480560226140083,1.9266342309874913
50,3,2,20.0,20.0,0,1,31.89534852946273,2.8722540962834926,20.496235339725033,2.332019648076088,1895.6484005379982,59.94600375784287,0.16803279080084366,303.4879683414821,9.597892686626652,0.08334175359210683,263.71097596488073,8.339273280357933,3.367092114969772e-05
50,3,2,8.0,10.0,0,1,11.973713835395255,1.07826219800269,8.066269549758937,0.9177636168266233,634.3028057092713,20.058476389502992,0.03849375878644423,33.26264857321789,1.0532481183483389,0.07707354644190012,261.35490791456687,8.264891636412532,0.08223382745319718
50,3,2,16.0,5.0,0,1,12.420762550419344,1.1185200275034433,8.392232630426742,0.9548510280543542,659.0277633486309,20.84030634143648,0.025800145636938776,40.88497661291714,1.2931308269607185,0.02813902420442782,263.1505699946921,8.321566657338735,0.03002343611396896
50,3,2,8.0,6.0,0,1,8.801576556056476,0.7926034824022602,6.020594857671733,0.6850109431552173,418.04595060548854,13.220330689982912,0.09144610188998437,30.738623015859655,0.9783198678561433,0.20183784515203118,252.755919761223,7.994363253703844,0.2786044165457392
50,3,2,5.0,7.0,0,1,7.017729858263844,0.6319637270428295,4.592117425885902,0.5224817087596036,293.7844547169663,9.294130520302588,0.1891530290755934,52.511560833448826,1.6902948014624588,0.5533755619412742,234.0119892524308,7.413742364292932,0.7889325682673128
50,3,2,20.0,14.0,0,1,28.0409644434227,2.5251573881364733,17.983058094305793,2.0460754920750945,1690.6722188289418,53.46443088833564,0.215224460665163,285.5488354865546,9.030497976012532,0.0774928415193572,263.7108482302025,8.339269241102903,0.00012889064838783604
50,3,2,1.0,4.0,0,1,10.106919677607209,0.9101528211237434,7.045750190400669,0.8016510157650555,29.370200484207064,1.0543400237447598,0.589751295132247,67.52841480144224,2.4986311890560113,3.023339687686261,160.78172804944808,5.750356933032542,8.803362229549213
50,3,2,8.0,4.0,0,1,5.687147738127357,0.5121415548074859,3.224546610893418,0.366882304389148,163.2578624882607,5.189737794758809,0.37219063436496946,44.792910004515434,1.585755259411199,1.2665435479496663,192.65584089949795,6.234957934794256,2.319733186713596
50,3,2,0.5,12.0,0,1,9.094445184112397,0.8189770182120197,6.284129815862957,0.7149954105596147,21.846622570450368,0.9239708780036353,0.587887077247874,56.707161502436804,2.112586126045074,2.848895532107773,151.9473666467021,5.510674212827488,7.70449441413246
50,3,2,2.0,4.5,0,1,7.352447608581232,0.662105878603263,4.977618425926601,0.5663432224252617,41.321970859347374,1.5196981376431296,0.5613733707271045,39.94171271144147,1.4752386534444373,2.4175110324800775,141.64816029098574,5.244969851762302,5.9850754919961116
50,3,2,4.0,12.0,0,1,8.433497424039015,0.7594570568751323,5.4271892891504745,0.617494473806954,385.04742568982374,12.179392501436535,0.19116454867832489,24.415828584857593,0.851067925752825,0.6014483946875622,236.90030870801758,7.506122593888454,0.826615271217344
50,3,2,20.0,9.0,0,1,22.162029514528047,1.9957449280185402,14.315512881640565,1.628789714741829,1326.5018991883217,41.94813686877789,0.13785253150603527,229.1109571141439,7.245252431933264,0.03838608096943724,263.7197662342386,8.339551256556332,0.0008418105354131011
50,3,2,18.0,10.0,0,1,21.81615882562731,1.9645984270777563,14.1000272482827,1.6042722010355583,1303.5709792120842,41.222830145157815,0.1078511691679167,223.3136271720491,7.06190102048968,0.03679787868567003,263.7188582361535,8.339522546020312,0.0009455263700790528
50,3,2,7.0,2.0,0,1,12.133610624596995,1.0926612947030456,8.460252952958387,0.9625902409382358,59.39786450509301,2.0271796469625523,0.569257274776954,90.22620267689982,3.242813031450397,3.3490578897498446,182.561940527281,6.486804760268736,10.695582469708896
50,3,2,3.0,2.5,0,1,12.02001953116704,1.0824321390910876,8.379490660422082,0.9534012728230375,57.51955207134752,1.9671246606136388,0.5677108542295044,88.93358223517272,3.2009245917209506,3.3316007995791637,181.23877274280446,6.439076426241135,10.587747202899529
50,3,2,1.0,18.0,0,1,7.875017163122433,0.7091645442967113,4.913985135600664,0.5591031570741285,124.1747351229682,3.995203087924709,0.5432959626473208,40.334301528242875,1.4898700838660028,2.4284762301081297,154.9910703330875,5.571150527533045,5.295002580765262
50,3,2,10.0,14.0,0,1,17.74105664025853,1.597625514589051,11.614773652704342,1.3215051406814287,1032.5529078675133,32.65237228822105,0.09452145434154513,151.00206999860677,4.775176492131757,0.02630015432829641,263.7170230849183,8.339465151461473,0.007513086472847097
50,3,2,1.0,3.5,0,1,11.078621068483653,0.9976569064837488,7.718110622303953,0.8781508076438316,43.06118253349268,1.487132227028475,0.5776165280815183,78.38167115388728,2.855612474376751,3.1843569041121156,170.7043925033854,6.072333171440539,9.7041632864874
50,3,2,8.0,5.0,0,1,7.388299985982842,0.6653344728215752,4.9220740065100035,0.5600234922273246,320.3888713041115,10.133933087032421,0.1568581810708416,50.14331716731378,1.6040603080622344,0.4238858060243137,239.87842217607587,7.593609566046325,0.6138873606900687
50,3,2,14.0,8.0,0,1,16.147209088703082,1.4540956467596473,10.68113034934678,1.2152771192113303,916.853214180842,28.993471528249742,0.05245107930029613,122.91588736986012,3.8870494001020828,0.02068691744378809,263.742545165608,8.340271714789234,0.00776747650223375
50,3,2,7.0,20.0,0,1,16.43354326495798,1.4798807392126858,10.738144114230368,1.2217640285249458,940.4935169488101,29.7413776192696,0.11719633625877401,122.746208274629,3.8824098484254157,0.12574596354133877,262.51931837333905,8.30167672183407,0.06606667009392742
50,3,2,0.5,7.0,0,1,9.456665234059386,0.8515958190774566,6.574307274799722,0.7480112070926382,21.865861774351792,0.8556496667061925,0.5966929038356247,60.46889884880588,2.2515944625468833,2.9041285945691526,154.54195751616288,5.563681728014319,8.16433937499775
50,3,2,5.0,2.5,0,1,11.941390790176962,1.0753514287741663,8.32363471446329,0.9470460977736314,56.238083138016925,1.925637241936288,0.5669589899790854,88.03840059096356,3.1718737780720314,3.319404329687691,180.32469198254017,6.406415627481758,10.513270045481727
50,3,2,14.0,2.0,0,1,12.128287538658283,1.0921819378031448,8.456442886782265,0.9621567394177899,59.308149677923005,2.024332140281616,0.5691512180604985,90.16455210659714,3.2408341520016095,3.348238707522489,182.49963766158947,6.48454490934841,10.690505881405619
50,3,2,6.0,2.0,0,1,12.134371257068603,1.0927297915163137,8.4607974047118,0.9626521875428362,59.41068349671113,2.0275865733900127,0.5692724165789752,90.23501594281385,3.2430959566658792,3.349174903923915,182.57084403827875,6.487127803253018,10.696307892985109
50,3,2,14.0,5.0,0,1,11.185262531361436,1.0072602308776315,7.602846520703532,0.8650362944078792,575.306733764494,18.192877410924744,0.03973466960582028,13.953227304324564,0.4425560491283656,0.06376541434752059,261.54308939253394,8.270807314057759,0.07010431132736228
50,3,2,3.0,2.0,0,1,12.136653422257005,1.092935306069783,8.462430967650054,0.9628380509858167,59.449142683278794,2.028807514198409,0.5693178450224312,90.2614703677353,3.24394499511223,3.349525443053997,182.5975570646813,6.488097178633386,10.698484430147737
50,3,2,12.0,3.0,0,1,8.839424798827462,0.7960118091755413,6.106075268370906,0.694736729084779,20.082866437798373,0.8072821370043743,0.5824117728080123,53.82164218121986,2.0013395287112905,2.7726844605407477,149.1121277551169,5.415389822665384,7.5394999772021905
50,3,2,2.0,2.0,0,1,12.137414245732451,1.0930038200834136,8.462975564065585,0.9629000140497764,59.46196262757368,2.0292145315183974,0.5693329875359728,90.2702898039434,3.2442280322846853,3.3496420759626475,182.60646249739554,6.488420393238398,10.699210059030055
50,3,2,1.0,3.0,0,1,11.81156093997695,1.0636599334229746,8.232212757454699,0.9366442948827175,54.18245453229821,1.8584081838187962,0.567300383624903,86.58696132897985,3.124717583241865,3.2998068721943286,178.8431717306344,6.353475926571984,10.391045446935323
50,3,2,20.0,10.0,0,1,23.445234526167717,2.111300675830763,15.10160462118327,1.7182296217012745,1408.5273539829752,44.54252593867563,0.2139719292407829,244.7332605709404,7.739359338797308,0.044634689039487085,263.7148430469436,8.339395569042027,0.000632714035987636
50,3,2,7.0,10.0,0,1,10.835293163283577,0.9757446338586229,7.305108963324498,0.831160325369196,556.1773095557442,17.588076018886706,0.057348389074180606,9.735714193729198,0.3178861813419079,0.13242357317029485,258.4269061092515,8.172642641441316,0.15770145860303397
50,3,2,5.0,20.0,0,1,13.164595937847173,1.1855040421793912,8.542756587178882,0.9719773353412248,705.9683207846742,22.32534323218559,0.14162168983539614,58.65186482563388,1.867068992969003,0.3487198865724933,255.84397462782735,8.092380511898039,0.31070019744987865
50,3,2,9.0,2.5,0,1,11.785642544530297,1.061325918561153,8.213144708488326,0.9344747713530049,53.735628510160076,1.8438429398005838,0.5666617534799305,86.2693092020694,3.114460119814293,3.2953864496439786,178.53990218341428,6.342705977901688,10.365974164778859
50,3,2,0.5,2.0,0,1,12.138555562879125,1.0931065984821717,8.463792531915049,0.9629929669772394,59.48119362044416,2.0298251173119026,0.5693556988376858,90.28352366700341,3.2446527192448062,3.3498170243544854,182.61982152197567,6.488905294371192,10.700298588416981
50,3,2,1.0,8.0,0,1,7.398307719927053,0.6662356937249688,5.010857117158903,0.5701250525879857,43.329174700896516,1.579862567377511,0.5664070634866704,40.410629927544406,1.4960448905152257,2.431838001128872,142.0436961319261,5.259114607052672,6.013082581505014
50,3,2,12.0,12.0,0,1,18.341002713311518,1.6516521249044662,11.999826230027695,1.3653156337293897,1072.8060513953626,33.925244340630535,0.08267091114595226,164.01138524666104,5.18654743247708,0.0201047158044399,263.71107664498766,8.339276526530945,0.0045343512510021
50,3,2,12.0,8.0,0,1,14.388977776655368,1.2957626194977558,9.58675793041105,1.090761668399527,793.5248932142756,25.093492990310292,0.03674661488690312,84.13238360486241,2.6607260852334003,0.028658938170031734,263.7786314197111,8.341413828372607,0.011975816479042445
50,3,2,20.0,6.0,0,1,17.904655175276158,1.6123579625482354,11.76143219445297,1.3381916489717154,1039.4181978558931,32.869347485066186,0.08454267282955064,159.1708347227732,5.033468091459211,0.016800434973853973,263.67741094773965,8.338211908704093,0.003657798256767819
50,3,2,5.0,4.0,0,1,5.858504284039386,0.5275726306104724,3.713995706438272,0.4225708193102975,93.92346380145052,3.0477305978650864,0.4873139717531947,29.751363541094452,1.2244294244571061,1.8903211324101354,159.92817224598795,5.490229412530044,4.0773143381574934
50,3,2,1.5,20.0,0,1,7.917679007575333,0.7130063476672455,4.49077684221194,0.5109513848558215,218.41479361872732,6.937890001357435,0.4857467226744474,31.76387060961838,1.1932137055450573,2.019250590535723,179.53399770482818,6.035338393758415,3.689877819738329
50,3,2,0.0,2.5,0,1,12.138936016457926,1.0931408592568783,8.464064873765217,0.9630239534747623,59.48760410650082,2.030028658836184,0.5693632736241736,90.2879355620433,3.244794288126606,3.3498752789551336,182.6242748236822,6.489066951431093,10.700661459138875
50,3,2,10.0,12.0,0,1,16.070453434421555,1.447183612479182,10.603506923462282,1.2064452849103853,916.2786012810143,28.975354198218728,0.05305451764770508,119.57399283520402,3.7814018693583584,0.02789275878528369,263.701831230764,8.338985944132457,0.0116274555258431
50,3,2,1.0,2.0,0,1,12.138175117625687,1.0930723384571845,8.463520199754447,0.9629619815821753,59.474783144480455,2.0296215809672287,0.5693481294035173,90.27911196118265,3.2445111571214316,3.349758773298606,182.6153684002267,6.488743649978856,10.699935732118504
50,3,2,20.0,18.0,0,1,30.90572321593267,2.7831359178774195,19.86925332138351,2.260682919085229,1848.5625861778326,58.457087656596926,0.18168747718705713,300.3671300698432,9.499271215506866,0.08662149095826621,263.71127901728164,8.339282863716411,3.7823637840883606e-05
50,3,2,8.0,3.0,0,1,9.769368150127585,0.8797554810033019,6.795695149514261,0.7732002657232969,24.17266414893966,0.921330605661437,0.587411786744901,63.59102326235947,2.363477719938731,2.958936920605609,157.41989370476222,5.64720916486228,8.469520062725252
50,3,2,1.0,9.0,0,1,7.2965047610099,0.6570680884394059,4.915426943342387,0.5592672030038671,51.03554602364672,1.7918298200589444,0.5610096288336232,39.463595313603776,1.462028890998027,2.400540732412238,142.5998668444559,5.277825811935393,5.8559804923602545
50,3,2,9.0,5.0,0,1,7.983307085235496,0.718916316474029,5.40562859182989,0.6150413418564062,362.07964638073656,11.451198723959179,0.1231272398863581,43.043648913181386,1.3716887072354855,0.30161890468940855,246.44100590543562,7.797033138532811,0.43687551039814493
50,3,2,5.0,3.0,0,1,10.586025284120533,0.953297452059164,7.3731728245622605,0.8389044919978231,35.81012911140227,1.2500461058309245,0.5818727987369046,72.78047295624289,2.6713956821462763,3.1025060331143175,165.4968967318985,5.900469060537657,9.244068000505361
50,3,2,9.0,3.5,0,1,6.131534668920647,0.5521596841321061,3.958852130712335,0.45043008140893565,81.53098521488823,2.671298072933461,0.502326218090594,30.880529302156525,1.2141643945103022,2.013143537679096,154.38299428248263,5.391594064249173,4.485927793563254
50,3,2,3.0,7.0,0,1,5.746723800952706,0.5175065248855675,3.2843062235800504,0.3736816306379318,172.83310604218758,5.491013811734245,0.3680515654411658,46.01951095571932,1.6105277283016481,1.2167248645378828,195.9917360639975,6.322432970599423,2.1842093541941976
50,3,2,8.0,2.5,0,1,11.824393379934417,1.064815526007238,8.240615825896139,0.93760037878714,54.35484606189746,1.8641492996154914,0.5665838555079272,86.70836131678753,3.1287663498147142,3.301412370863275,178.98303375532603,6.358427373400487,10.402606472245623
50,3,2,1.5,8.0,0,1,6.1957029993514885,0.5579381991328564,4.009091618027298,0.45614622730528426,84.66055752923485,2.7737533502953124,0.5153478038582012,31.138923050817755,1.2263668429699641,2.034243297433666,154.534506312771,5.403514934363343,4.521581669466087
50,3,2,3.0,20.0,0,1,9.762048936689192,0.8790963679429578,5.988365089362326,0.681343906174782,443.45015364044883,14.028395076205795,0.2766208726408561,16.36504191149691,0.6104702299590131,0.9964695681370971,230.38322702545543,7.322315122694523,1.2918703285546032
50,3,2,0.5,6.0,0,1,9.708588934400515,0.8742821640655761,6.760951551706181,0.7692472103748222,24.009391801449226,0.9205590926622793,0.5956872215044579,63.18509756000822,2.3494040263403853,2.9521336403243925,156.92668306781118,5.632528537238901,8.417916303890703
50,3,2,14.0,3.5,0,1,5.612762594631247,0.5054429908174427,3.2036787715846735,0.3645080044031126,140.69421948117957,4.4855815240051955,0.4047150124202561,37.88687984763337,1.451933271484017,1.4510116748322874,182.17821765407706,5.979075414231161,2.7965903700158403
50,3,2,4.0,7.0,0,1,6.269792043960144,0.5646100986943353,3.869410082103457,0.4402535484377409,233.37148032705403,7.389690597008743,0.2651763038549042,53.94511885601763,1.7705136562255812,0.8439235928247015,218.29855269092877,6.943448366403307,1.307075834660312
50,3,2,12.0,2.5,0,1,11.670104416364401,1.0509214277121228,8.131337176306559,0.9251668780132588,51.90910004019683,1.783511986802093,0.567349330770322,84.96821600863069,3.0718808495724685,3.277375560970704,177.22239331022257,6.296354684465123,10.256881172183537
50,3,2,18.0,3.0,0,1,7.695067548371727,0.6929596416409239,5.226560770053034,0.5946673721102422,32.662830641686156,1.284518183642633,0.5600197126407517,42.74253571352661,1.5738029123280246,2.502045991218514,142.30419410512275,5.256912803768703,6.338874735353343
50,3,2,4.0,14.0,0,1,9.43194084347331,0.8493693272718138,6.057472362247145,0.6892067900420451,449.6689262870022,14.222280968978646,0.18671963512413847,10.12245639346605,0.4222259560934958,0.5829842751904614,240.90358677844847,7.6299105239720255,0.7514645669897728
50,3,2,12.0,6.0,0,1,12.090179925907576,1.0887502541292167,8.190786764590412,0.9319309303209172,637.5671751082016,20.161666895268525,0.02458891157453591,33.885413145702785,1.0719695169535224,0.03647281024007509,262.85020979712255,8.312077850474614,0.037626852374774034
50,3,2,8.0,8.0,0,1,10.466488251715857,0.9425328501089847,7.1181774687500745,0.8098916430494295,528.6386277481779,16.717181606557254,0.053913384941278064,1.5096272290567323,0.05985124676851935,0.10664678998200083,259.24896551244757,8.198474315286438,0.12734839799361186
50,3,2,7.0,12.0,0,1,12.36200178881278,1.1132284772929388,8.245276004957057,0.9381306044092351,661.4925605894241,20.918348645142,0.06891272312680474,42.259062050203184,1.3386380527606088,0.12039958693644592,260.2871902600572,8.231275893848238,0.1209121916011191
50,3,2,1.5,7.0,0,1,6.354411867812534,0.5722303206668998,4.161545352902718,0.4734921007917677,74.11888375285143,2.4577023884547233,0.5262652213302454,32.220458576669685,1.2435938871713494,2.104684900974603,150.7418790884489,5.340804906558967,4.783838866682704
50,3,2,10.0,10.0,0,1,14.246847088539026,1.28296340362549,9.476857128402283,1.078257380398548,786.761169432727,24.87959513369717,0.036324050070948743,81.00902607783448,2.562024998915132,0.03325125572339599,263.5558284659782,8.33437275220213,0.0188927954113578
50,3,2,1.0,6.0,0,1,7.948998671051103,0.7158267599173077,5.4476919107805015,0.6198272200740513,27.08398757603623,1.1418318203135034,0.5795700098333562,45.456296815781286,1.6840221216320317,2.5767331011670893,143.43184951114762,5.279853587735153,6.634475187012819
50,3,2,6.0,9.0,0,1,8.99400568854996,0.8099321961342371,6.0858025358841195,0.6924301391332212,431.96972942948696,13.66091064047706,0.10877118770280236,24.640565267204032,0.7914719511222299,0.24286950230892512,251.29977004977974,7.948947216968633,0.3302086341930744
50,3,2,2.0,6.0,0,1,5.884896907759302,0.5299493508874487,3.7551796791682346,0.4272566473172563,92.17324259052626,2.9982554810550024,0.49731182173063837,29.862351465987036,1.2264960462888435,1.912201659759535,159.05675538610092,5.473943971910466,4.139886167650718
50,3,2,14.0,20.0,0,1,26.064721572787047,2.3471918871421527,16.688507759213284,1.8987842082456168,1565.126183920398,49.494620321639246,0.24078080000110225,265.3004435740931,8.389942198946509,0.05959422010139348,263.7116508797457,8.339294623365227,0.00028937357258906893
50,3,2,0.5,18.0,0,1,9.190299166294292,0.8276089036015998,6.269195655835654,0.7132962324406125,37.80203765271713,1.436646205230436,0.5835285895425661,56.83190313235853,2.1168940426988407,2.8855052007304702,152.5525590158719,5.557198529324564,7.516155327279313
50,3,2,8.0,14.0,0,1,15.15106430745218,1.3643903743498986,9.978988973036934,1.1353889125166996,852.3658636581403,26.95427978484369,0.05605319373626427,99.2497674553563,3.138992060731623,0.06593912795060325,262.92596985848536,8.314487510921385,0.04401653961104102
50,3,2,5.0,5.0,0,1,5.906920054080489,0.5319325890444373,3.476268009816929,0.39552264923301733,197.1125653911576,6.249975442596687,0.3189785399414897,51.724718169512514,1.7348668719049094,1.0317962839416523,206.55967513009682,6.607240381220497,1.7409567764447471
50,3,2,1.5,5.0,0,1,7.491473977926562,0.6746255429823709,5.087909534630336,0.5788919187220255,37.542424235625205,1.4226828692992224,0.5668177432955679,41.18079013412851,1.5218527512579936,2.4561982309513684,141.8247186788875,5.248049627617164,6.138306894168359
50,3,2,8.0,7.0,0,1,9.734946228281553,0.8766557028042054,6.648210483093006,0.7564197626609757,479.2745323683006,15.156254164507308,0.06834229258276658,14.480676145691564,0.46368835770111577,0.13168046778484555,257.17664315332013,8.133214178260893,0.1739564826330347
50,3,2,18.0,12.0,0,1,24.290580068240736,2.1874261081567763,15.60266845365568,1.7752396375845931,1460.320930777969,46.18039212101168,0.22755226752333746,252.38772218117793,7.981477615147255,0.0492808084467129,263.713378080997,8.339349242515746,0.0005136184092557894
50,3,2,0.5,14.0,0,1,9.09977618872877,0.8194570882081992,6.262213674902995,0.7125018369602923,26.37617544342188,1.091130280853628,0.5847172331927174,56.56559381225646,2.1070771468316,2.857528362674596,152.0725116458901,5.525927022455294,7.620510533094093
50,3,2,18.0,4.0,0,1,8.250323138873858,0.742961764766522,5.6091823528228435,0.638201271580443,379.99904525744626,12.017522214524966,0.10938861028600066,39.43719939515014,1.255614811905615,0.2642299938789111,248.77082051763693,7.869672016334204,0.3772879988572136
50,3,2,12.0,18.0,0,1,22.72424536981779,2.0463738400011082,14.66026220089072,1.6680145856913742,1362.466670049117,43.08587884758399,0.18964317051644697,228.90798134682507,7.238854080499426,0.0457411620507322,263.7083067091065,8.339188874938184,0.001046059844721059
50,3,2,6.0,3.5,0,1,7.357442618389116,0.6625556914456722,4.971937668644437,0.56569687750492,41.42341289008377,1.516187588569434,0.5557965416202724,39.85880386662263,1.4688397570722957,2.4148541133816877,141.64809225638868,5.245002163134355,5.9809220727749395
50,3,2,14.0,9.0,0,1,17.14744886084813,1.5441696831087235,11.304522643677707,1.286205416761726,989.2383289439522,31.282543412491048,0.09980893807308355,143.73068688333018,4.545237855296836,0.018977559350988438,263.7041733456358,8.33905825449673,0.005526864353792016
50,3,2,16.0,2.0,0,1,12.126767058280624,1.092045014828655,8.45535464823117,0.9620329218658891,59.28252195849765,2.0235188642362703,0.569120916771,90.14694149535396,3.2402689447333577,3.348004435118371,182.4818439525186,6.483899704379052,10.689055914664884
50,3,2,6.0,10.0,0,1,9.660394901864983,0.8699421736359769,6.499939165770254,0.7395497560713937,476.4424325616681,15.067035195953526,0.0951105883758161,11.795595432513291,0.39503957536763407,0.22250279685200236,253.3112559415082,8.012039716105269,0.290034867387091
50,3,2,14.0,3.0,0,1,8.4113832321349,0.7574656198408601,5.7931485737560315,0.6591325711429049,21.62585429517725,0.9091062701763011,0.5761774449433782,49.69689429115561,1.8429010491724103,2.68194431372346,146.04497038361205,5.339369674808719,7.115078802222968
50,3,2,4.0,2.0,0,1,12.135892649903472,1.0928667966598056,8.46188640861428,0.9627760921748489,59.43632301601918,2.028400521329259,0.5693027070548343,90.25265148911029,3.243661981870151,3.349408770322788,182.58865224599424,6.4877740102694395,10.697758857941913
50,3,2,1.5,6.0,0,1,6.707630757020891,0.6040385450064537,4.458590904322416,0.507289334810726,60.73010971766879,2.0645656218691735,0.5425515296402331,34.70031448914316,1.3034189653221775,2.22638141418489,145.1298680380827,5.277312687106479,5.237693105385399
50,3,2,18.0,6.0,0,1,16.550347896619044,1.4903992817971468,10.939416775954774,1.2446644194495255,944.7907376248343,29.87697957600581,0.09086518553514011,131.91782912095988,4.171683860624759,0.017685008269080094,263.70638835572765,8.339128317366946,0.006316893219586728
50,3,2,5.0,10.0,0,1,8.481057223348996,0.7637399330525263,5.646964693016664,0.6425000688093915,396.5152299344677,12.540566992012687,0.14291148350151128,29.596607596542817,0.9610501357499082,0.3744188862323701,244.83875826567774,7.748081741952267,0.5215730086624248
50,3,2,0.0,10.0,0,1,12.138936016457926,1.0931408592568783,8.464064873765217,0.9630239534747623,59.48760410650082,2.030028658836184,0.5693632736241736,90.2879355620433,3.244794288126606,3.3498752789551336,182.6242748236822,6.489066951431093,10.700661459138875
50,3,2,1.5,18.0,0,1,7.643282914963353,0.6882963088262866,4.365218097046794,0.49666556817487256,203.70576492146444,6.47470996017423,0.48212836529167125,31.263014252569313,1.1846574433861496,2.000757416155378,177.44395260757454,5.977813291902162,3.7389404528550925
50,3,2,18.0,7.0,0,1,18.204933814666347,1.639398787990798,11.941047964586618,1.3586279631588456,1060.2181419631888,33.52709334465383,0.07266768103477395,164.82696301128192,5.212328821589088,0.017928435604378345,263.67930391198723,8.338271759168949,0.0034214496856737053
